Well,Enzyme Concentration (uM),Buffer pH,Uric Acid,Inhibitor,Parallel Intensity,Perpendicular Intensity,Polarization,Parallel Intensity,Perpendicular Intensity,Polarization,Parallel Intensity,Perpendicular Intensity,Polarization,A292,Parallel,Perpendicular,Enzyme Concentration (uM),Buffer pH,Uric Acid,Inhibitor,Total F,Polarization,A292 norm
A11,0,4,No,methyl,48,33,187,48,32,196,47,38,112,0.352,21.66666667,18.08333333,0,4,False,methyl,39.8,90.1,0.012
A9,0,4,No,methyl,48,36,140,48,39,106,49,36,159,0.342,22.33333333,20.75,0,4,False,methyl,43.1,36.8,0.002
C11,0,4,No,methyl,45,38,82,45,34,136,45,32,175,0.339,19,18.41666667,0,4,False,methyl,37.4,15.6,-0.001
C9,0,4,No,methyl,49,38,133,49,36,159,49,34,187,0.34,23,19.75,0,4,False,methyl,42.8,76,0
I11,0.1,4,No,methyl,47,30,217,47,30,227,46,31,196,0.344,14,12.83333333,0.1,4,False,methyl,26.8,43.5,0.004
I9,0.1,4,No,methyl,47,31,206,47,30,217,47,31,206,0.343,14.33333333,13.16666667,0.1,4,False,methyl,27.5,42.4,0.003
K11,0.1,4,No,methyl,47,30,217,48,32,206,48,30,227,0.334,15,13.16666667,0.1,4,False,methyl,28.2,65.1,-0.006
K9,0.1,4,No,methyl,48,30,227,48,32,206,49,28,268,0.337,15.66666667,12.5,0.1,4,False,methyl,28.2,112.4,-0.003
E11,1,4,No,methyl,73,43,254,75,46,239,76,43,273,0.349,19.41666667,16.58333333,1,4,False,methyl,36,78.7,0.009
E9,1,4,No,methyl,75,42,281,74,43,267,74,43,260,0.334,19.08333333,15.25,1,4,False,methyl,34.3,111.7,-0.006
G11,1,4,No,methyl,72,43,248,73,39,306,69,43,227,0.33,16.08333333,14.25,1,4,False,methyl,30.3,60.4,-0.01
G9,1,4,No,methyl,68,38,281,67,41,236,67,42,228,0.337,12.08333333,12.91666667,1,4,False,methyl,25,-33.3,-0.003
A10,0,4,No,new,4143,3999,18,4150,4009,17,4126,3992,16,0.345,4113.666667,3983.75,0,4,False,new,8097.4,16,0.003
A12,0,4,No,new,3859,3714,19,3862,3733,17,3868,3749,16,0.356,3837,3715.75,0,4,False,new,7552.8,16.1,0.014
C10,0,4,No,new,3800,3668,18,3763,3640,17,3773,3648,17,0.34,3752.666667,3635.75,0,4,False,new,7388.4,15.8,-0.002
C12,0,4,No,new,3867,3723,19,3845,3710,18,3828,3701,17,0.343,3820.666667,3695.083333,0,4,False,new,7515.8,16.7,0.001
I10,0.1,4,No,new,3702,3577,17,3670,3547,17,3669,3541,18,0.346,3647.666667,3537.5,0.1,4,False,new,7185.2,15.3,0.004
I12,0.1,4,No,new,3457,3328,19,3456,3335,18,3476,3347,19,0.343,3430.333333,3319.166667,0.1,4,False,new,6749.5,16.5,0.001
K10,0.1,4,No,new,3616,3503,16,3603,3486,16,3584,3468,16,0.333,3568.333333,3468.166667,0.1,4,False,new,7036.5,14.2,-0.009
K12,0.1,4,No,new,3638,3520,16,3617,3510,15,3643,3521,17,0.336,3600,3499.5,0.1,4,False,new,7099.5,14.2,-0.006
E10,1,4,No,new,3673,3537,19,3640,3512,18,3621,3489,19,0.34,3589.416667,3485.25,1,4,False,new,7074.7,14.7,-0.002
E12,1,4,No,new,3522,3393,19,3475,3360,17,3483,3364,17,0.341,3438.083333,3344.916667,1,4,False,new,6783,13.7,-0.001
G10,1,4,No,new,3770,3643,17,3734,3601,18,3702,3580,17,0.341,3680.083333,3580.583333,1,4,False,new,7260.7,13.7,-0.001
G12,1,4,No,new,3684,3545,19,3661,3533,18,3654,3520,19,0.339,3611.083333,3505.25,1,4,False,new,7116.3,14.9,-0.003
B10,0,4,No,none,23,16,166,22,12,300,23,14,227,0.059,-3.333333333,-2.25,0,4,False,none,-5.6,194,-0.002
B12,0,4,No,none,23,14,249,23,16,166,23,15,206,0.061,-3,-1.25,0,4,False,none,-4.3,411.8,0
D10,0,4,No,none,33,20,251,34,20,250,34,20,265,0.058,7.666666667,3.75,0,4,False,none,11.4,343.1,-0.003
D12,0,4,No,none,24,15,227,23,16,186,27,17,224,0.059,-1.333333333,-0.25,0,4,False,none,-1.6,684.2,-0.002
J10,0.1,4,No,none,32,18,286,35,22,234,35,18,310,0.062,1.333333333,1.833333333,0.1,4,False,none,3.2,-157.9,0.001
J12,0.1,4,No,none,38,19,331,36,18,339,35,17,343,0.062,3.666666667,0.5,0.1,4,False,none,4.2,760,0.001
L10,0.1,4,No,none,29,15,314,28,18,224,28,14,339,0.061,-4.333333333,-1.833333333,0.1,4,False,none,-6.2,405.4,0
L12,0.1,4,No,none,33,17,317,31,16,307,32,18,269,0.06,-0.666666667,-0.5,0.1,4,False,none,-1.2,142.9,-0.001
F10,1,4,No,none,44,22,326,46,19,414,47,24,330,0.063,-9.583333333,-5.75,1,4,False,none,-15.3,250,0.002
F12,1,4,No,none,48,24,327,64,32,330,65,34,310,0.063,3.75,2.583333333,1,4,False,none,6.3,184.2,0.002
H10,1,4,No,none,64,34,312,60,28,359,62,32,316,0.062,6.75,3.916666667,1,4,False,none,10.7,265.6,0.001
H12,1,4,No,none,55,29,310,53,26,336,55,25,375,0.062,-0.916666667,-0.75,1,4,False,none,-1.7,100,0.001
B11,0,4,No,old,13338,12667,26,13261,12616,25,13257,12578,26,0.321,13259.33333,12604.08333,0,4,False,old,25863.4,25.3,0.006
B9,0,4,No,old,13028,12410,24,12970,12355,24,12951,12322,25,0.322,12957,12346.08333,0,4,False,old,25303.1,24.1,0.007
D11,0,4,No,old,13163,12527,25,13111,12480,25,13015,12378,25,0.319,13070.33333,12445.41667,0,4,False,old,25515.8,24.5,0.004
D9,0,4,No,old,13250,12604,25,13180,12533,25,13141,12493,25,0.314,13164.33333,12527.08333,0,4,False,old,25691.4,24.8,-0.001
J11,0.1,4,No,old,12000,11424,25,11971,11382,25,11933,11363,24,0.312,11935.33333,11372.16667,0.1,4,False,old,23307.5,24.2,-0.003
J9,0.1,4,No,old,12386,11778,25,12295,11692,25,12335,11732,25,0.319,12306,11716.5,0.1,4,False,old,24022.5,24.5,0.004
L11,0.1,4,No,old,12231,11648,24,12197,11631,24,12157,11575,25,0.312,12162.33333,11600.5,0.1,4,False,old,23762.8,23.6,-0.003
L9,0.1,4,No,old,12294,11656,27,12231,11606,26,12209,11581,26,0.32,12212,11596.83333,0.1,4,False,old,23808.8,25.8,0.005
F11,1,4,No,old,12776,12143,25,12625,12021,25,12466,11887,24,0.311,12567.08333,11989.58333,1,4,False,old,24556.7,23.5,-0.004
F9,1,4,No,old,11721,11148,25,11656,11081,25,11666,11106,25,0.308,11625.75,11084.25,1,4,False,old,22710,23.8,-0.007
H11,1,4,No,old,12444,11801,27,12322,11701,26,12255,11648,25,0.311,12285.08333,11689.25,1,4,False,old,23974.3,24.9,-0.004
H9,1,4,No,old,12769,12161,24,12682,12080,24,12577,11980,24,0.312,12620.75,12046.25,1,4,False,old,24667,23.3,-0.003
A13,0,7.4,No,methyl,2214,2175,9,2222,2185,8,2211,2171,9,0.192,2197.958333,2166.666667,0,7.4,False,methyl,4364.6,7.2,-0.004
A15,0,7.4,No,methyl,2202,2161,9,2198,2160,9,2168,2133,8,0.194,2171.625,2141,0,7.4,False,methyl,4312.6,7.1,-0.002
A17,0,7.4,No,methyl,2128,2088,9,2124,2098,6,2104,2063,10,0.192,2100.958333,2072.666667,0,7.4,False,methyl,4173.6,6.8,-0.004
A19,0,7.4,No,methyl,2128,2092,9,2127,2091,9,2128,2100,7,0.191,2109.958333,2084,0,7.4,False,methyl,4194,6.2,-0.005
C13,0,7.4,No,methyl,1821,1785,10,1799,1772,8,1914,1885,8,0.197,1826.958333,1803.666667,0,7.4,False,methyl,3630.6,6.4,0.001
C15,0,7.4,No,methyl,2058,2018,10,2021,1988,8,2012,1975,9,0.2,2012.625,1983.333333,0,7.4,False,methyl,3996,7.3,0.004
C17,0,7.4,No,methyl,2020,1985,9,2024,1990,8,2001,1973,7,0.193,1997.291667,1972.333333,0,7.4,False,methyl,3969.6,6.3,-0.003
C19,0,7.4,No,methyl,2057,2015,10,2052,2004,12,2036,1996,10,0.193,2030.625,1994.666667,0,7.4,False,methyl,4025.3,8.9,-0.003
I13,0.1,7.4,No,methyl,1973,1937,9,1971,1935,9,1950,1923,7,0.205,1946.791667,1921.5,0.1,7.4,False,methyl,3868.3,6.5,0.009
I15,0.1,7.4,No,methyl,1913,1867,12,1898,1873,7,1903,1858,12,0.196,1886.791667,1855.833333,0.1,7.4,False,methyl,3742.6,8.3,0
I17,0.1,7.4,No,methyl,1856,1813,12,1845,1810,10,1851,1808,12,0.192,1832.791667,1800.166667,0.1,7.4,False,methyl,3633,9,-0.004
I19,0.1,7.4,No,methyl,1863,1824,11,1869,1840,8,1874,1835,11,0.2,1850.791667,1822.833333,0.1,7.4,False,methyl,3673.6,7.6,0.004
K13,0.1,7.4,No,methyl,1920,1883,10,1907,1866,11,1905,1874,8,0.194,1892.791667,1864.166667,0.1,7.4,False,methyl,3757,7.6,-0.002
K15,0.1,7.4,No,methyl,1858,1824,9,1859,1829,8,1855,1822,9,0.193,1839.458333,1814.833333,0.1,7.4,False,methyl,3654.3,6.7,-0.003
K17,0.1,7.4,No,methyl,1769,1734,10,1778,1749,8,1771,1744,8,0.189,1754.791667,1732.166667,0.1,7.4,False,methyl,3487,6.5,-0.007
K19,0.1,7.4,No,methyl,1843,1807,10,1841,1815,7,1855,1821,9,0.192,1828.458333,1804.166667,0.1,7.4,False,methyl,3632.6,6.7,-0.004
E13,1,7.4,No,methyl,2012,1960,13,1985,1935,13,1976,1929,12,0.201,1968.916667,1930.125,1,7.4,False,methyl,3899,9.9,0.005
E15,1,7.4,No,methyl,1991,1944,12,1968,1929,10,1979,1931,12,0.2,1957.25,1923.458333,1,7.4,False,methyl,3880.7,8.7,0.004
E17,1,7.4,No,methyl,1929,1883,12,1929,1877,14,1920,1868,14,0.203,1903.916667,1864.791667,1,7.4,False,methyl,3768.7,10.4,0.007
E19,1,7.4,No,methyl,2092,2027,16,2080,2034,11,2080,2029,13,0.199,2061.916667,2018.791667,1,7.4,False,methyl,4080.7,10.6,0.003
G13,1,7.4,No,methyl,1931,1879,14,1916,1877,10,1919,1875,12,0.198,1899.916667,1865.791667,1,7.4,False,methyl,3765.7,9.1,0.002
G15,1,7.4,No,methyl,1976,1925,13,1955,1912,11,1971,1919,13,0.199,1945.25,1907.458333,1,7.4,False,methyl,3852.7,9.8,0.003
G17,1,7.4,No,methyl,1976,1932,11,1980,1925,14,1969,1913,14,0.199,1952.916667,1912.125,1,7.4,False,methyl,3865,10.6,0.003
G19,1,7.4,No,methyl,1985,1927,15,1975,1924,13,1974,1926,12,0.201,1955.916667,1914.458333,1,7.4,False,methyl,3870.4,10.7,0.005
A14,0,7.4,No,new,4645,4473,19,4659,4496,18,4694,4522,19,0.296,4648.291667,4486.666667,0,7.4,False,new,9135,17.7,0.009
A16,0,7.4,No,new,4244,4070,21,4280,4121,19,4303,4151,18,0.298,4257.958333,4103.666667,0,7.4,False,new,8361.6,18.5,0.011
A18,0,7.4,No,new,4281,4124,19,4305,4164,17,4322,4172,18,0.294,4284.958333,4143,0,7.4,False,new,8428,16.8,0.007
A20,0,7.4,No,new,4316,4157,19,4343,4191,18,4330,4183,17,0.295,4311.958333,4166.666667,0,7.4,False,new,8478.6,17.1,0.008
C14,0,7.4,No,new,4541,4372,19,4501,4326,20,4503,4334,19,0.286,4497.291667,4333.666667,0,7.4,False,new,8831,18.5,-0.001
C16,0,7.4,No,new,4222,4055,20,4217,4053,20,4207,4043,20,0.281,4197.625,4040,0,7.4,False,new,8237.6,19.1,-0.006
C18,0,7.4,No,new,4384,4214,20,4351,4186,19,4356,4192,19,0.284,4345.958333,4187,0,7.4,False,new,8533,18.6,-0.003
C20,0,7.4,No,new,4132,3975,19,4141,3988,19,4149,4001,18,0.284,4122.958333,3977.666667,0,7.4,False,new,8100.6,17.9,-0.003
I14,0.1,7.4,No,new,3963,3820,18,3984,3824,21,3985,3837,19,0.281,3959.458333,3816.833333,0.1,7.4,False,new,7776.3,18.3,-0.006
I16,0.1,7.4,No,new,4002,3849,20,4009,3859,19,4033,3884,19,0.286,3996.791667,3853.833333,0.1,7.4,False,new,7850.6,18.2,-0.001
I18,0.1,7.4,No,new,3933,3780,20,3946,3795,20,3961,3828,17,0.28,3928.791667,3790.833333,0.1,7.4,False,new,7719.6,17.9,-0.007
I20,0.1,7.4,No,new,4025,3886,18,4025,3891,17,4029,3894,17,0.281,4008.458333,3880.166667,0.1,7.4,False,new,7888.6,16.3,-0.006
K14,0.1,7.4,No,new,3901,3760,18,3942,3799,18,3926,3805,16,0.28,3905.125,3777.833333,0.1,7.4,False,new,7683,16.6,-0.007
K16,0.1,7.4,No,new,3805,3662,19,3808,3674,18,3818,3687,17,0.286,3792.458333,3664.166667,0.1,7.4,False,new,7456.6,17.2,-0.001
K18,0.1,7.4,No,new,3748,3631,16,3801,3679,16,3827,3710,15,0.286,3774.125,3663.166667,0.1,7.4,False,new,7437.3,14.9,-0.001
K20,0.1,7.4,No,new,3946,3805,18,3974,3852,16,3957,3834,16,0.284,3941.125,3820.166667,0.1,7.4,False,new,7761.3,15.6,-0.003
E14,1,7.4,No,new,4339,4183,18,4298,4147,18,4316,4163,18,0.288,4295.583333,4153.125,1,7.4,False,new,8448.7,16.9,0.001
E16,1,7.4,No,new,4320,4162,19,4289,4124,20,4265,4101,20,0.285,4269.25,4117.791667,1,7.4,False,new,8387,18.1,-0.002
E18,1,7.4,No,new,4282,4096,22,4249,4093,19,4249,4085,20,0.287,4237.916667,4080.125,1,7.4,False,new,8318,19,0
E20,1,7.4,No,new,4073,3914,20,4096,3951,18,4072,3919,19,0.286,4058.25,3916.791667,1,7.4,False,new,7975,17.7,-0.001
G14,1,7.4,No,new,4208,4029,22,4168,4016,19,4179,4016,20,0.284,4162.916667,4009.125,1,7.4,False,new,8172,18.8,-0.003
G16,1,7.4,No,new,4118,3963,19,4136,3984,19,4113,3956,19,0.287,4100.25,3956.458333,1,7.4,False,new,8056.7,17.8,0
G18,1,7.4,No,new,4077,3897,23,4059,3896,20,4075,3920,19,0.293,4048.25,3893.125,1,7.4,False,new,7941.4,19.5,0.006
G20,1,7.4,No,new,4017,3860,20,3988,3849,18,3993,3848,18,0.293,3977.25,3841.125,1,7.4,False,new,7818.4,17.4,0.006
B14,0,7.4,No,none,18,11,233,18,7,426,17,11,235,0.059,-0.041666667,-0.666666667,0,7.4,False,none,-0.7,-882.4,-0.002
B16,0,7.4,No,none,19,12,232,18,10,292,18,9,323,0.059,0.625,0,0,7.4,False,none,0.6,1000,-0.002
B18,0,7.4,No,none,18,13,155,18,10,292,18,13,155,0.059,0.291666667,1.666666667,0,7.4,False,none,2,-702.1,-0.002
B20,0,7.4,No,none,18,11,262,18,13,155,18,14,109,0.059,0.291666667,2.333333333,0,7.4,False,none,2.6,-777.8,-0.002
D14,0,7.4,No,none,17,11,206,17,7,403,17,8,366,0.059,-0.708333333,-1.666666667,0,7.4,False,none,-2.4,-403.5,-0.002
D16,0,7.4,No,none,17,9,297,18,11,262,17,10,265,0.059,-0.375,-0.333333333,0,7.4,False,none,-0.7,58.8,-0.002
D18,0,7.4,No,none,17,10,265,18,12,206,17,6,483,0.059,-0.375,-1,0,7.4,False,none,-1.4,-454.5,-0.002
D20,0,7.4,No,none,18,9,356,18,11,233,18,10,292,0.059,0.291666667,-0.333333333,0,7.4,False,none,0,-15000,-0.002
J14,0.1,7.4,No,none,18,9,356,17,11,235,16,8,339,0.061,-0.875,-0.833333333,0.1,7.4,False,none,-1.7,24.4,0
J16,0.1,7.4,No,none,17,11,206,17,8,366,17,9,331,0.06,-0.875,-0.833333333,0.1,7.4,False,none,-1.7,24.4,-0.001
J18,0.1,7.4,No,none,18,7,426,18,9,356,18,10,292,0.061,0.125,-1.5,0.1,7.4,False,none,-1.4,-1181.8,0
J20,0.1,7.4,No,none,18,12,206,18,13,180,18,7,426,0.061,0.125,0.5,0.1,7.4,False,none,0.6,-600,0
L14,0.1,7.4,No,none,21,15,162,20,11,283,20,11,283,0.057,2.458333333,2.166666667,0.1,7.4,False,none,4.6,63.1,-0.004
L16,0.1,7.4,No,none,17,9,331,17,10,265,18,12,206,0.058,-0.541666667,0.166666667,0.1,7.4,False,none,-0.4,1888.9,-0.003
L18,0.1,7.4,No,none,18,9,356,18,9,323,17,12,179,0.059,-0.208333333,-0.166666667,0.1,7.4,False,none,-0.4,111.1,-0.002
L20,0.1,7.4,No,none,17,11,235,18,10,292,18,11,233,0.061,-0.208333333,0.5,0.1,7.4,False,none,0.3,-2428.6,0
F14,1,7.4,No,none,22,9,440,21,8,453,22,10,381,0.065,-0.416666667,-2.208333333,1,7.4,False,none,-2.6,-682.5,0.004
F16,1,7.4,No,none,23,11,346,22,13,275,23,14,249,0.065,0.583333333,1.458333333,1,7.4,False,none,2,-428.6,0.004
F18,1,7.4,No,none,21,14,184,23,13,296,23,10,399,0.065,0.25,1.125,1,7.4,False,none,1.4,-636.4,0.004
F20,1,7.4,No,none,22,14,228,23,12,320,23,12,320,0.065,0.583333333,1.458333333,1,7.4,False,none,2,-428.6,0.004
H14,1,7.4,No,none,21,13,230,22,8,472,21,6,560,0.065,-0.75,-2.208333333,1,7.4,False,none,-3,-493,0.004
H16,1,7.4,No,none,21,16,142,22,9,440,23,12,320,0.065,-0.083333333,1.125,1,7.4,False,none,1,-1160,0.004
H18,1,7.4,No,none,21,9,421,22,11,326,21,7,487,0.065,-0.75,-2.208333333,1,7.4,False,none,-3,-493,0.004
H20,1,7.4,No,none,22,11,326,23,13,272,23,14,249,0.065,0.583333333,1.458333333,1,7.4,False,none,2,-428.6,0.004
B13,0,7.4,No,old,14737,13901,29,14648,13830,29,14729,13886,29,0.276,14686.95833,13862,0,7.4,False,old,28549,28.9,0.004
B15,0,7.4,No,old,14066,13281,29,14039,13280,28,14023,13257,28,0.279,14024.95833,13262.33333,0,7.4,False,old,27287.3,27.9,0.007
B17,0,7.4,No,old,14301,13480,30,14318,13525,28,14344,13555,28,0.271,14303.29167,13509.66667,0,7.4,False,old,27813,28.5,-0.001
B19,0,7.4,No,old,14822,13948,30,14848,14006,29,14828,13986,29,0.273,14814.95833,13969.66667,0,7.4,False,old,28784.6,29.4,0.001
D13,0,7.4,No,old,14337,13503,30,14268,13471,29,14241,13451,29,0.27,14264.29167,13464.66667,0,7.4,False,old,27729,28.8,-0.002
D15,0,7.4,No,old,13759,12996,29,13728,12979,28,13765,13020,28,0.27,13732.95833,12988,0,7.4,False,old,26721,27.9,-0.002
D17,0,7.4,No,old,13439,12690,29,13465,12724,28,13534,12782,29,0.267,13461.625,12721.66667,0,7.4,False,old,26183.3,28.3,-0.005
D19,0,7.4,No,old,14154,13345,29,14213,13423,29,14256,13478,28,0.265,14189.95833,13405,0,7.4,False,old,27595,28.4,-0.007
J13,0.1,7.4,No,old,12774,12057,29,12823,12120,28,12846,12132,29,0.273,12796.45833,12092.83333,0.1,7.4,False,old,24889.3,28.3,0.001
J15,0.1,7.4,No,old,13199,12440,30,13247,12496,29,13289,12545,29,0.271,13227.125,12483.5,0.1,7.4,False,old,25710.6,28.9,-0.001
J17,0.1,7.4,No,old,12617,11946,27,12737,12046,28,12839,12170,27,0.271,12713.125,12043.83333,0.1,7.4,False,old,24757,27,-0.001
J19,0.1,7.4,No,old,13233,12499,29,13308,12597,27,13334,12617,28,0.272,13273.79167,12560.83333,0.1,7.4,False,old,25834.6,27.6,0
L13,0.1,7.4,No,old,12945,12241,28,12990,12279,28,13033,12320,28,0.269,12971.45833,12269.83333,0.1,7.4,False,old,25241.3,27.8,-0.003
L15,0.1,7.4,No,old,13357,12614,29,13340,12606,28,13389,12662,28,0.269,13344.125,12617.16667,0.1,7.4,False,old,25961.3,28,-0.003
L17,0.1,7.4,No,old,12440,11774,28,12456,11781,28,12499,11841,27,0.266,12447.125,11788.5,0.1,7.4,False,old,24235.6,27.2,-0.006
L19,0.1,7.4,No,old,13017,12305,28,13063,12355,28,13104,12385,28,0.271,13043.45833,12338.16667,0.1,7.4,False,old,25381.6,27.8,-0.001
F13,1,7.4,No,old,14252,13454,29,14212,13436,28,14242,13445,29,0.274,14213.25,13433.79167,1,7.4,False,old,27647,28.2,0.002
F15,1,7.4,No,old,13981,13197,29,13907,13154,28,13953,13174,29,0.278,13924.91667,13163.79167,1,7.4,False,old,27088.7,28.1,0.006
F17,1,7.4,No,old,13622,12876,28,13681,12928,28,13764,13016,28,0.276,13666.91667,12928.79167,1,7.4,False,old,26595.7,27.8,0.004
F19,1,7.4,No,old,13081,12338,29,13053,12343,28,13186,12471,28,0.275,13084.58333,12372.79167,1,7.4,False,old,25457.4,28,0.003
H13,1,7.4,No,old,13672,12907,29,13634,12890,28,13654,12898,28,0.27,13631.25,12887.125,1,7.4,False,old,26518.4,28.1,-0.002
H15,1,7.4,No,old,14056,13271,29,14130,13325,29,14142,13357,29,0.275,14087.25,13306.45833,1,7.4,False,old,27393.7,28.5,0.003
H17,1,7.4,No,old,12974,12285,27,13108,12416,27,13134,12461,26,0.27,13049.91667,12376.125,1,7.4,False,old,25426,26.5,-0.002
H19,1,7.4,No,old,13555,12819,28,13696,12951,28,13694,12963,27,0.283,13626.25,12899.79167,1,7.4,False,old,26526,27.4,0.011
A1,0,4,Yes,methyl,49,34,178,49,36,150,49,37,142,0.341,25.58333333,20.66666667,0,4,True,methyl,46.3,106.3,0.001
A3,0,4,Yes,methyl,48,34,177,49,36,150,48,34,168,0.341,24.91666667,19.66666667,0,4,True,methyl,44.6,117.8,0.001
A5,0,4,Yes,methyl,45,34,146,46,34,147,45,34,136,0.347,21.91666667,19,0,4,True,methyl,40.9,71.3,0.007
A7,0,4,Yes,methyl,45,30,196,45,34,136,44,32,154,0.348,21.25,17,0,4,True,methyl,38.3,111.1,0.008
C1,0,4,Yes,methyl,44,32,154,44,32,154,44,33,144,0.335,20.58333333,17.33333333,0,4,True,methyl,37.9,85.7,-0.005
C3,0,4,Yes,methyl,42,30,162,41,30,151,41,31,140,0.344,17.91666667,15.33333333,0,4,True,methyl,33.3,77.7,0.004
C5,0,4,Yes,methyl,44,31,174,43,31,163,43,31,163,0.342,19.91666667,16,0,4,True,methyl,35.9,109,0.002
C7,0,4,Yes,methyl,45,32,165,44,34,135,44,32,164,0.353,20.91666667,17.66666667,0,4,True,methyl,38.6,84.2,0.013
I1,0.1,4,Yes,methyl,148,88,253,151,91,249,146,87,254,0.332,113.0833333,68.33333333,0.1,4,True,methyl,181.4,246.7,-0.008
I3,0.1,4,Yes,methyl,43,30,174,45,32,165,44,29,206,0.354,8.75,10,0.1,4,True,methyl,18.8,-66.7,0.014
I5,0.1,4,Yes,methyl,46,30,217,46,31,196,47,29,238,0.351,11.08333333,9.666666667,0.1,4,True,methyl,20.8,68.3,0.011
I7,0.1,4,Yes,methyl,49,31,226,48,31,216,46,28,238,0.352,12.41666667,9.666666667,0.1,4,True,methyl,22.1,124.5,0.012
K1,0.1,4,Yes,methyl,52,36,179,54,34,224,53,32,244,0.328,17.75,13.66666667,0.1,4,True,methyl,31.4,130,-0.012
K3,0.1,4,Yes,methyl,50,32,216,49,30,236,48,33,187,0.347,13.75,11.33333333,0.1,4,True,methyl,25.1,96.3,0.007
K5,0.1,4,Yes,methyl,30,18,256,31,18,254,31,17,289,0.127,-4.583333333,-2.666666667,0.1,4,True,methyl,-7.3,264.4,-0.213
K7,0.1,4,Yes,methyl,50,30,256,49,29,257,49,34,178,0.35,14.08333333,10.66666667,0.1,4,True,methyl,24.8,138,0.01
E1,1,4,Yes,methyl,72,47,213,71,44,234,72,45,233,0.325,18.625,17.04166667,1,4,True,methyl,35.7,44.4,-0.015
E3,1,4,Yes,methyl,59,40,190,59,39,198,61,40,206,0.35,6.625,11.375,1,4,True,methyl,18,-263.9,0.01
E5,1,4,Yes,methyl,61,41,191,60,39,206,62,39,230,0.345,7.958333333,11.375,1,4,True,methyl,19.3,-176.7,0.005
E7,1,4,Yes,methyl,78,48,238,79,45,277,79,46,263,0.337,25.625,18.04166667,1,4,True,methyl,43.7,173.7,-0.003
G1,1,4,Yes,methyl,57,36,223,57,37,215,58,37,223,0.342,4.291666667,8.375,1,4,True,methyl,12.7,-322.4,0.002
G3,1,4,Yes,methyl,55,35,224,54,36,206,56,36,215,0.341,1.958333333,7.375,1,4,True,methyl,9.3,-580.4,0.001
G5,1,4,Yes,methyl,48,30,237,63,37,262,61,36,255,0.35,4.291666667,6.041666667,1,4,True,methyl,10.3,-169.4,0.01
G7,1,4,Yes,methyl,81,51,230,80,46,269,81,46,275,0.324,27.625,19.375,1,4,True,methyl,47,175.5,-0.016
A2,0,4,Yes,new,3839,3739,13,3845,3722,16,3800,3684,15,0.342,3804.583333,3700,0,4,True,new,7504.6,13.9,0
A4,0,4,Yes,new,4012,3878,17,4012,3887,16,3997,3868,16,0.354,3983.583333,3862.666667,0,4,True,new,7846.3,15.4,0.012
A6,0,4,Yes,new,3821,3692,17,3839,3708,17,3825,3700,17,0.345,3804.916667,3685,0,4,True,new,7489.9,16,0.003
A8,0,4,Yes,new,3875,3732,19,3878,3740,18,3881,3747,18,0.344,3854.583333,3724.666667,0,4,True,new,7579.3,17.1,0.002
C2,0,4,Yes,new,3568,3469,14,3538,3430,15,3520,3412,16,0.339,3518.583333,3422,0,4,True,new,6940.6,13.9,-0.003
C4,0,4,Yes,new,3768,3651,16,3753,3643,15,3735,3628,15,0.347,3728.583333,3625.666667,0,4,True,new,7354.3,14,0.005
C6,0,4,Yes,new,3724,3605,16,3706,3578,18,3716,3596,16,0.345,3691.916667,3578,0,4,True,new,7269.9,15.7,0.003
C8,0,4,Yes,new,3694,3566,18,3656,3541,16,3657,3537,17,0.333,3645.583333,3533,0,4,True,new,7178.6,15.7,-0.009
I2,0.1,4,Yes,new,3754,3637,16,3724,3612,15,3696,3584,15,0.33,3689.416667,3590.666667,0.1,4,True,new,7280.1,13.6,-0.012
I4,0.1,4,Yes,new,3715,3605,15,3686,3574,15,3675,3560,16,0.332,3656.75,3559.333333,0.1,4,True,new,7216.1,13.5,-0.01
I6,0.1,4,Yes,new,3645,3518,18,3629,3501,18,3602,3489,16,0.349,3590.083333,3482.333333,0.1,4,True,new,7072.4,15.2,0.007
I8,0.1,4,Yes,new,3584,3458,18,3562,3435,18,3533,3414,17,0.339,3524.416667,3415.333333,0.1,4,True,new,6939.8,15.7,-0.003
K2,0.1,4,Yes,new,3675,3578,13,3665,3553,15,3654,3547,15,0.336,3629.416667,3539,0.1,4,True,new,7168.4,12.6,-0.006
K4,0.1,4,Yes,new,3750,3653,13,3737,3618,16,3704,3587,16,0.342,3695.083333,3599,0.1,4,True,new,7294.1,13.2,0
K6,0.1,4,Yes,new,3602,3496,15,3622,3510,16,3598,3489,15,0.354,3572.083333,3478,0.1,4,True,new,7050.1,13.3,0.012
K8,0.1,4,Yes,new,3510,3370,20,3502,3363,20,3502,3356,21,0.34,3469.416667,3342.666667,0.1,4,True,new,6812.1,18.6,-0.002
E2,1,4,Yes,new,3625,3520,15,3592,3475,17,3558,3435,18,0.317,3538.625,3448.375,1,4,True,new,6987,12.9,-0.025
E4,1,4,Yes,new,3709,3588,17,3668,3551,16,3627,3514,16,0.353,3614.958333,3522.708333,1,4,True,new,7137.7,12.9,0.011
E6,1,4,Yes,new,3531,3410,17,3475,3353,18,3457,3335,18,0.337,3434.625,3337.708333,1,4,True,new,6772.3,14.3,-0.005
E8,1,4,Yes,new,3617,3485,19,3576,3461,16,3554,3426,18,0.34,3529.291667,3429.041667,1,4,True,new,6958.3,14.4,-0.002
G2,1,4,Yes,new,3781,3680,14,3729,3600,18,3676,3556,17,0.331,3675.625,3583.708333,1,4,True,new,7259.3,12.7,-0.011
G4,1,4,Yes,new,3889,3766,16,3858,3735,16,3829,3692,18,0.337,3805.625,3702.708333,1,4,True,new,7508.3,13.7,-0.005
G6,1,4,Yes,new,3661,3518,20,3617,3476,20,3583,3451,19,0.335,3567.291667,3453.375,1,4,True,new,7020.7,16.2,-0.007
G8,1,4,Yes,new,3763,3628,18,3698,3570,18,3681,3542,19,0.319,3660.958333,3551.708333,1,4,True,new,7212.7,15.1,-0.023
B2,0,4,Yes,none,26,15,264,25,17,187,25,15,246,0.059,1.916666667,0.666666667,0,4,True,none,2.6,483.9,-0.002
B4,0,4,Yes,none,24,18,131,24,16,187,24,20,81,0.059,0.583333333,3,0,4,True,none,3.6,-674.4,-0.002
B6,0,4,Yes,none,23,15,206,23,17,147,23,15,206,0.059,-0.416666667,0.666666667,0,4,True,none,0.2,-4333.3,-0.002
B8,0,4,Yes,none,24,14,269,23,14,227,23,16,166,0.059,-0.083333333,-0.333333333,0,4,True,none,-0.4,-600,-0.002
D2,0,4,Yes,none,23,13,272,23,14,227,23,16,166,0.06,-0.416666667,-0.666666667,0,4,True,none,-1.1,-230.8,-0.001
D4,0,4,Yes,none,22,14,228,23,14,249,23,14,227,0.059,-0.75,-1,0,4,True,none,-1.8,-142.9,-0.002
D6,0,4,Yes,none,23,14,227,23,13,272,23,16,186,0.06,-0.416666667,-0.666666667,0,4,True,none,-1.1,-230.8,-0.001
D8,0,4,Yes,none,23,13,296,23,14,249,23,13,296,0.059,-0.416666667,-1.666666667,0,4,True,none,-2.1,-600,-0.002
J2,0.1,4,Yes,none,30,19,222,33,17,317,31,16,307,0.059,-3.916666667,-3,0.1,4,True,none,-6.9,132.5,-0.002
J4,0.1,4,Yes,none,46,28,238,47,30,217,47,30,217,0.215,11.41666667,9,0.1,4,True,none,20.4,118.4,0.154
J6,0.1,4,Yes,none,34,21,235,32,17,303,33,19,267,0.06,-2.25,-1.333333333,0.1,4,True,none,-3.6,255.8,-0.001
J8,0.1,4,Yes,none,36,22,248,35,20,279,36,21,262,0.061,0.416666667,0.666666667,0.1,4,True,none,1.1,-230.8,0
L2,0.1,4,Yes,none,32,20,221,35,22,220,35,19,294,0.06,-1.25,0,0.1,4,True,none,-1.3,1000,-0.001
L4,0.1,4,Yes,none,40,20,325,39,21,299,41,21,321,0.06,4.75,0.333333333,0.1,4,True,none,5.1,868.9,-0.001
L6,0.1,4,Yes,none,32,17,303,30,17,274,31,19,238,0.061,-4.25,-2.666666667,0.1,4,True,none,-6.9,228.9,0
L8,0.1,4,Yes,none,30,18,256,30,18,256,31,16,325,0.061,-4.916666667,-3,0.1,4,True,none,-7.9,242.1,0
F2,1,4,Yes,none,57,30,306,57,30,306,58,31,304,0.063,4.291666667,2.041666667,1,4,True,none,6.3,355.3,0.002
F4,1,4,Yes,none,55,27,342,59,34,275,60,30,329,0.063,4.958333333,2.041666667,1,4,True,none,7,416.7,0.002
F6,1,4,Yes,none,60,31,320,60,30,329,62,33,307,0.062,7.625,3.041666667,1,4,True,none,10.7,429.7,0.001
F8,1,4,Yes,none,45,25,286,43,23,302,45,26,274,0.063,-8.708333333,-3.625,1,4,True,none,-12.3,412.2,0.002
H2,1,4,Yes,none,53,28,315,52,27,317,52,25,351,0.062,-0.708333333,-1.625,1,4,True,none,-2.3,-392.9,0.001
H4,1,4,Yes,none,66,36,292,69,37,304,68,36,305,0.062,14.625,8.041666667,1,4,True,none,22.7,290.4,0.001
H6,1,4,Yes,none,38,22,259,39,22,285,41,21,321,0.061,-13.70833333,-6.625,1,4,True,none,-20.3,348.4,0
H8,1,4,Yes,none,44,24,300,44,26,263,46,25,296,0.062,-8.375,-3.291666667,1,4,True,none,-11.7,435.7,0.001
B1,0,4,Yes,old,9404,9136,14,9507,9107,22,9510,9114,21,0.259,9450.25,9104,0,4,True,old,18554.3,18.7,-0.056
B3,0,4,Yes,old,12999,12403,23,12968,12323,26,12914,12291,25,0.314,12936.91667,12324,0,4,True,old,25260.9,24.3,-0.001
B5,0,4,Yes,old,13162,12530,25,13137,12493,25,13138,12500,25,0.321,13122.25,12492.66667,0,4,True,old,25614.9,24.6,0.006
B7,0,4,Yes,old,12906,12261,26,12885,12243,26,12849,12212,25,0.315,12856.58333,12223.66667,0,4,True,old,25080.3,25.2,0
D1,0,4,Yes,old,12762,12293,19,12823,12202,25,12773,12166,24,0.322,12762.58333,12205.33333,0,4,True,old,24967.9,22.3,0.007
D3,0,4,Yes,old,13381,12748,24,13295,12652,25,13191,12560,25,0.312,13265.58333,12638.33333,0,4,True,old,25903.9,24.2,-0.003
D5,0,4,Yes,old,13272,12628,25,13244,12601,25,13184,12549,25,0.311,13209.91667,12577.66667,0,4,True,old,25787.6,24.5,-0.004
D7,0,4,Yes,old,12112,11529,25,12025,11470,24,11989,11435,24,0.326,12018.58333,11463,0,4,True,old,23481.6,23.7,0.011
J1,0.1,4,Yes,old,12444,11903,22,12419,11805,25,12273,11666,25,0.321,12343.41667,11771,0.1,4,True,old,24114.4,23.7,0.006
J3,0.1,4,Yes,old,12600,12010,24,12492,11926,23,12352,11783,24,0.314,12446.08333,11886,0.1,4,True,old,24332.1,23,-0.001
J5,0.1,4,Yes,old,12635,12033,24,12497,11906,24,12421,11845,24,0.349,12482.41667,11907.66667,0.1,4,True,old,24390.1,23.6,0.034
J7,0.1,4,Yes,old,11944,11328,26,11835,11256,25,11804,11240,24,0.327,11825.75,11254.33333,0.1,4,True,old,23080.1,24.8,0.012
L1,0.1,4,Yes,old,12338,11822,21,12229,11635,25,12063,11491,24,0.317,12174.75,11629,0.1,4,True,old,23803.8,22.9,0.002
L3,0.1,4,Yes,old,12388,11841,23,12370,11805,23,12333,11758,24,0.321,12328.41667,11781,0.1,4,True,old,24109.4,22.7,0.006
L5,0.1,4,Yes,old,12316,11743,24,12301,11726,24,12245,11678,24,0.321,12252.08333,11695.33333,0.1,4,True,old,23947.4,23.2,0.006
L7,0.1,4,Yes,old,11514,10954,25,11422,10891,24,11417,10883,24,0.33,11415.75,10889,0.1,4,True,old,22304.8,23.6,0.015
F1,1,4,Yes,old,12096,11621,20,12085,11500,25,11929,11361,24,0.286,11983.625,11465.70833,1,4,True,old,23449.3,22.1,-0.029
F3,1,4,Yes,old,12482,11937,22,12374,11798,24,12222,11653,24,0.312,12306.29167,11767.70833,1,4,True,old,24074,22.4,-0.003
F5,1,4,Yes,old,12261,11667,25,12037,11473,24,11915,11352,24,0.313,12017.95833,11469.04167,1,4,True,old,23487,23.4,-0.002
F7,1,4,Yes,old,11929,11342,25,11786,11214,25,11737,11161,25,0.323,11764.29167,11210.70833,1,4,True,old,22975,24.1,0.008
H1,1,4,Yes,old,12281,11783,21,12207,11620,25,12048,11468,25,0.31,12125.625,11595.375,1,4,True,old,23721,22.4,-0.005
H3,1,4,Yes,old,13319,12680,25,13172,12528,25,12985,12390,23,0.306,13105.625,12504.375,1,4,True,old,25610,23.5,-0.009
H5,1,4,Yes,old,12908,12304,24,12801,12197,24,12631,12039,24,0.306,12726.95833,12151.70833,1,4,True,old,24878.7,23.1,-0.009
H7,1,4,Yes,old,12230,11632,25,12033,11476,24,11971,11414,24,0.296,12024.95833,11479.04167,1,4,True,old,23504,23.2,-0.019
A21,0,7.4,Yes,methyl,1899,1871,8,1907,1871,10,1887,1862,7,1.436,1865.25,1843.5,0,7.4,True,methyl,3708.8,5.9,1.24
A23,0,7.4,Yes,methyl,1878,1846,9,1880,1856,6,1871,1846,7,1.448,1843.916667,1824.833333,0,7.4,True,methyl,3668.8,5.2,1.252
C21,0,7.4,Yes,methyl,1696,1666,9,1702,1675,8,1711,1688,7,1.41,1670.583333,1651.833333,0,7.4,True,methyl,3322.4,5.6,1.214
C23,0,7.4,Yes,methyl,1776,1749,8,1786,1750,10,1780,1753,8,1.427,1748.25,1726.166667,0,7.4,True,methyl,3474.4,6.4,1.231
I21,0.1,7.4,Yes,methyl,1669,1636,10,1676,1648,8,1681,1651,9,0.205,1608.416667,1588.916667,0.1,7.4,True,methyl,3197.3,6.1,0.009
I23,0.1,7.4,Yes,methyl,1751,1721,9,1756,1733,7,1772,1747,7,0.201,1692.75,1677.583333,0.1,7.4,True,methyl,3370.3,4.5,0.005
K21,0.1,7.4,Yes,methyl,1706,1675,9,1719,1691,8,1720,1690,9,0.201,1648.083333,1629.25,0.1,7.4,True,methyl,3277.3,5.7,0.005
K23,0.1,7.4,Yes,methyl,1812,1782,8,1815,1783,9,1812,1778,9,0.197,1746.083333,1724.916667,0.1,7.4,True,methyl,3471,6.1,0.001
E21,1,7.4,Yes,methyl,1705,1661,13,1721,1683,11,1723,1695,8,0.213,1676.833333,1650.583333,1,7.4,True,methyl,3327.4,7.9,0.017
E23,1,7.4,Yes,methyl,1752,1720,9,1761,1731,9,1761,1736,7,0.206,1718.5,1699.916667,1,7.4,True,methyl,3418.4,5.4,0.01
G21,1,7.4,Yes,methyl,1720,1681,11,1727,1691,11,1741,1701,12,0.211,1689.833333,1661.916667,1,7.4,True,methyl,3351.8,8.3,0.015
G23,1,7.4,Yes,methyl,1745,1715,9,1752,1723,8,1748,1721,8,0.201,1708.833333,1690.583333,1,7.4,True,methyl,3399.4,5.4,0.005
A22,0,7.4,Yes,new,4280,4123,19,4263,4103,19,4211,4066,17,1.561,4218.916667,4072.833333,0,7.4,True,new,8291.8,17.6,1.274
A24,0,7.4,Yes,new,4001,3863,18,4005,3860,18,4039,3899,18,1.586,3982.583333,3849.5,0,7.4,True,new,7832.1,17,1.299
C22,0,7.4,Yes,new,4098,3948,19,4089,3956,17,4102,3968,17,1.524,4063.916667,3932.833333,0,7.4,True,new,7996.8,16.4,1.237
C24,0,7.4,Yes,new,4017,3880,17,4013,3878,17,4018,3896,15,1.511,3983.583333,3860.166667,0,7.4,True,new,7843.8,15.7,1.224
I22,0.1,7.4,Yes,new,3673,3555,16,3679,3557,17,3687,3570,16,0.947,3612.75,3504.583333,0.1,7.4,True,new,7117.3,15.2,0.66
I24,0.1,7.4,Yes,new,3835,3685,20,3844,3703,19,3838,3695,19,0.968,3772.083333,3638.25,0.1,7.4,True,new,7410.3,18.1,0.681
K22,0.1,7.4,Yes,new,3833,3708,17,3827,3704,16,3856,3741,15,0.886,3771.75,3661.583333,0.1,7.4,True,new,7433.3,14.8,0.599
K24,0.1,7.4,Yes,new,3861,3746,15,3879,3775,14,3888,3780,14,0.913,3809.083333,3710.916667,0.1,7.4,True,new,7520,13.1,0.626
E22,1,7.4,Yes,new,4021,3864,20,4010,3867,18,4005,3854,19,0.306,3972.5,3832.583333,1,7.4,True,new,7805.1,17.9,0.019
E24,1,7.4,Yes,new,3887,3737,20,3869,3737,17,3875,3738,18,0.293,3837.5,3708.25,1,7.4,True,new,7545.8,17.1,0.006
G22,1,7.4,Yes,new,3960,3806,20,3972,3824,19,3975,3830,19,0.3,3929.5,3790.916667,1,7.4,True,new,7720.4,18,0.013
G24,1,7.4,Yes,new,3891,3753,18,3872,3736,18,3887,3757,17,0.303,3843.833333,3719.583333,1,7.4,True,new,7563.4,16.4,0.016
B22,0,7.4,Yes,none,33,19,267,33,24,164,32,24,136,1.296,0.25,-2.166666667,0,7.4,True,none,-1.9,-1260.9,1.235
B24,0,7.4,Yes,none,33,25,138,34,26,140,34,26,127,1.307,1.25,1.166666667,0,7.4,True,none,2.4,34.5,1.246
D22,0,7.4,Yes,none,32,26,110,32,27,85,31,26,94,1.252,-0.75,1.833333333,0,7.4,True,none,1.1,-2384.6,1.191
D24,0,7.4,Yes,none,31,24,120,32,23,163,32,24,136,1.265,-0.75,-0.833333333,0,7.4,True,none,-1.6,-52.6,1.204
J22,0.1,7.4,Yes,none,155,152,10,235,170,161,121,130,-34,0.061,103.4166667,94.58333333,0.1,7.4,True,none,198,44.6,0
J24,0.1,7.4,Yes,none,33,30,54,35,30,73,35,26,142,0.061,-32.58333333,-27.41666667,0.1,7.4,True,none,-60,86.1,0
L22,0.1,7.4,Yes,none,32,21,206,31,23,148,30,22,146,0.062,-35.91666667,-34.08333333,0.1,7.4,True,none,-70,26.2,0.001
L24,0.1,7.4,Yes,none,31,22,162,32,24,149,33,23,178,0.061,-34.91666667,-33.08333333,0.1,7.4,True,none,-68,27,0
F22,1,7.4,Yes,none,39,26,206,40,31,128,40,34,78,0.065,0.166666667,1.25,1,7.4,True,none,1.4,-764.7,0.004
F24,1,7.4,Yes,none,43,33,133,43,34,114,44,36,97,0.065,3.833333333,5.25,1,7.4,True,none,9.1,-156,0.004
H22,1,7.4,Yes,none,36,26,168,37,27,157,37,27,157,0.065,-2.833333333,-2.416666667,1,7.4,True,none,-5.3,79.4,0.004
H24,1,7.4,Yes,none,38,21,287,39,26,194,38,28,158,0.063,-1.166666667,-4.083333333,1,7.4,True,none,-5.3,-555.6,0.002
B21,0,7.4,Yes,old,13996,13215,29,13942,13174,28,13899,13161,27,1.514,13913.25,13158.83333,0,7.4,True,old,27072.1,27.9,1.242
B23,0,7.4,Yes,old,13955,13169,29,13787,13055,27,13878,13140,27,1.515,13840.91667,13096.83333,0,7.4,True,old,26937.8,27.6,1.243
D21,0,7.4,Yes,old,13171,12441,29,13261,12524,29,13232,12526,27,1.496,13188.91667,12472.5,0,7.4,True,old,25661.4,27.9,1.224
D23,0,7.4,Yes,old,14093,13346,27,14112,13367,27,14038,13301,27,1.497,14048.58333,13313.5,0,7.4,True,old,27362.1,26.9,1.225
J21,0.1,7.4,Yes,old,12827,12143,27,12901,12220,27,12887,12218,27,0.864,12804.75,12137.58333,0.1,7.4,True,old,24942.3,26.7,0.592
J23,0.1,7.4,Yes,old,13286,12559,28,13296,12623,26,13278,12583,27,0.887,13219.75,12532.25,0.1,7.4,True,old,25752,26.7,0.615
L21,0.1,7.4,Yes,old,11701,11083,27,11789,11151,28,11863,11244,27,0.866,11717.41667,11103.25,0.1,7.4,True,old,22820.7,26.9,0.594
L23,0.1,7.4,Yes,old,13152,12438,28,13233,12545,27,13231,12563,26,0.859,13138.41667,12459.25,0.1,7.4,True,old,25597.7,26.5,0.587
F21,1,7.4,Yes,old,12765,12065,28,12735,12080,26,12747,12062,28,0.291,12709.5,12039.91667,1,7.4,True,old,24749.4,27.1,0.019
F23,1,7.4,Yes,old,13108,12402,28,13081,12393,27,13049,12353,27,0.283,13039.83333,12353.58333,1,7.4,True,old,25393.4,27,0.011
H21,1,7.4,Yes,old,12781,12095,28,12796,12128,27,12813,12147,27,0.292,12757.16667,12094.25,1,7.4,True,old,24851.4,26.7,0.02
H23,1,7.4,Yes,old,13856,13105,28,13843,13117,27,13787,13070,27,0.272,13789.16667,13068.25,1,7.4,True,old,26857.4,26.8,0
M1,,,,,14,7,318,15,11,175,15,9,239,0.053,,,,,False,,,,
M10,,,,,15,9,274,14,11,142,15,9,239,0.054,,,,,False,,,,
M11,,,,,16,9,269,16,7,417,15,9,239,0.054,,,,,False,,,,
M12,,,,,15,9,274,15,9,274,15,9,239,0.053,,,,,False,,,,
M13,,,,,15,7,349,16,7,417,16,8,339,0.054,,,,,False,,,,
M14,,,,,16,10,237,16,9,303,15,9,274,0.054,,,,,False,,,,
M15,,,,,16,8,339,17,12,179,16,8,339,0.054,,,,,False,,,,
M16,,,,,16,7,417,15,9,239,16,9,303,0.053,,,,,False,,,,
M17,,,,,18,11,233,17,12,179,18,12,206,0.054,,,,,False,,,,
M18,,,,,15,8,310,15,7,390,15,7,349,0.053,,,,,False,,,,
M19,,,,,15,9,274,15,8,310,15,7,349,0.054,,,,,False,,,,
M2,,,,,16,9,303,15,9,239,15,8,310,0.054,,,,,False,,,,
M20,,,,,16,8,339,16,10,237,16,9,269,0.054,,,,,False,,,,
M21,,,,,15,5,530,15,7,349,15,9,239,0.054,,,,,False,,,,
M22,,,,,16,7,417,15,5,480,15,9,274,0.054,,,,,False,,,,
M23,,,,,15,7,349,14,10,173,15,6,434,0.054,,,,,False,,,,
M24,,,,,15,7,349,15,9,239,15,3,701,0.054,,,,,False,,,,
M3,,,,,15,7,349,15,10,206,15,7,349,0.054,,,,,False,,,,
M4,,,,,15,11,146,15,8,310,14,8,279,0.054,,,,,False,,,,
M5,,,,,16,9,303,15,9,274,15,8,310,0.054,,,,,False,,,,
M6,,,,,15,7,349,15,8,310,14,7,361,0.054,,,,,False,,,,
M7,,,,,15,8,310,14,8,279,15,7,390,0.053,,,,,False,,,,
M8,,,,,16,7,377,15,8,310,15,8,310,0.054,,,,,False,,,,
M9,,,,,15,8,310,15,7,390,16,10,237,0.054,,,,,False,,,,
N1,,,,,15,7,390,15,9,274,15,7,390,0.054,,,,,False,,,,
N10,,,,,15,7,349,15,7,390,16,9,269,0.054,,,,,False,,,,
N11,,,,,15,7,349,15,9,274,14,8,279,0.054,,,,,False,,,,
N12,,,,,15,8,310,15,8,310,15,8,310,0.053,,,,,False,,,,
N13,,,,,15,7,349,15,7,390,15,8,310,0.048,,,,,False,,,,
N14,,,,,16,9,269,15,9,274,15,9,239,0.053,,,,,False,,,,
N15,,,,,16,10,237,15,5,480,16,11,206,0.053,,,,,False,,,,
N16,,,,,15,7,349,16,9,269,15,7,349,0.053,,,,,False,,,,
N17,,,,,15,6,434,15,7,390,16,5,553,0.054,,,,,False,,,,
N18,,,,,15,10,206,16,10,237,16,10,237,0.054,,,,,False,,,,
N19,,,,,16,11,177,15,6,434,15,8,310,0.053,,,,,False,,,,
N2,,,,,15,8,310,15,9,239,15,6,434,0.053,,,,,False,,,,
N20,,,,,16,6,460,15,9,274,15,9,239,0.053,,,,,False,,,,
N21,,,,,15,6,434,15,7,390,15,9,239,0.053,,,,,False,,,,
N22,,,,,15,7,390,16,9,303,15,8,310,0.054,,,,,False,,,,
N23,,,,,16,10,237,16,7,417,15,7,349,0.054,,,,,False,,,,
N24,,,,,15,8,310,16,10,237,16,5,553,0.054,,,,,False,,,,
N3,,,,,14,7,361,15,10,206,15,9,274,0.053,,,,,False,,,,
N4,,,,,15,9,274,15,9,274,15,7,349,0.053,,,,,False,,,,
N5,,,,,15,8,310,15,7,349,14,7,318,0.053,,,,,False,,,,
N6,,,,,16,7,417,16,7,377,16,9,269,0.053,,,,,False,,,,
N7,,,,,16,9,269,16,7,377,15,8,310,0.053,,,,,False,,,,
N8,,,,,15,7,349,15,7,349,15,9,239,0.052,,,,,False,,,,
N9,,,,,15,7,390,16,7,377,16,9,303,0.054,,,,,False,,,,
O1,,,,,19,16,72,18,14,131,19,18,34,0.054,,,,,False,,,,
O10,,,,,14,7,318,15,9,274,14,9,206,0.054,,,,,False,,,,
O11,,,,,15,7,349,16,7,377,15,7,349,0.054,,,,,False,,,,
O12,,,,,14,8,279,15,8,310,16,10,237,0.053,,,,,False,,,,
O13,,,,,15,9,274,15,9,239,15,9,239,0.054,,,,,False,,,,
O14,,,,,15,8,310,15,10,206,15,9,239,0.053,,,,,False,,,,
O15,,,,,15,9,274,15,8,310,15,9,239,0.054,,,,,False,,,,
O16,,,,,15,7,349,15,7,390,15,8,310,0.053,,,,,False,,,,
O17,,,,,16,7,377,15,8,310,15,7,349,0.054,,,,,False,,,,
O18,,,,,15,7,390,15,6,434,15,7,390,0.053,,,,,False,,,,
O19,,,,,15,7,349,15,7,390,16,5,553,0.053,,,,,False,,,,
O2,,,,,15,9,239,15,9,239,15,10,206,0.053,,,,,False,,,,
O20,,,,,15,7,390,16,9,269,15,9,239,0.054,,,,,False,,,,
O21,,,,,15,7,390,15,8,310,16,7,417,0.054,,,,,False,,,,
O22,,,,,14,7,318,15,7,349,15,7,349,0.054,,,,,False,,,,
O23,,,,,15,9,274,14,7,361,15,9,274,0.054,,,,,False,,,,
O24,,,,,15,11,146,15,7,390,16,9,303,0.053,,,,,False,,,,
O3,,,,,15,7,349,15,8,310,15,9,274,0.053,,,,,False,,,,
O4,,,,,15,7,349,15,10,206,15,9,274,0.053,,,,,False,,,,
O5,,,,,15,7,349,15,8,310,15,9,274,0.053,,,,,False,,,,
O6,,,,,15,8,310,14,8,279,15,7,349,0.054,,,,,False,,,,
O7,,,,,15,7,349,15,8,310,15,7,390,0.053,,,,,False,,,,
O8,,,,,15,9,274,15,7,349,15,7,349,0.054,,,,,False,,,,
O9,,,,,15,8,310,15,8,310,14,8,279,0.054,,,,,False,,,,
P1,,,,,16,9,303,16,8,339,15,10,206,0.052,,,,,False,,,,
P10,,,,,15,7,349,16,9,303,15,8,310,0.054,,,,,False,,,,
P11,,,,,15,7,349,15,7,390,15,7,349,0.054,,,,,False,,,,
P12,,,,,15,7,349,16,9,269,14,9,206,0.054,,,,,False,,,,
P13,,,,,14,5,453,15,12,118,15,10,206,0.054,,,,,False,,,,
P14,,,,,16,8,339,16,7,417,16,8,339,0.053,,,,,False,,,,
P15,,,,,15,8,310,16,7,377,15,6,434,0.052,,,,,False,,,,
P16,,,,,15,11,175,15,10,206,15,10,206,0.054,,,,,False,,,,
P17,,,,,15,10,206,15,7,349,15,7,349,0.053,,,,,False,,,,
P18,,,,,15,7,349,16,7,417,15,5,480,0.052,,,,,False,,,,
P19,,,,,15,9,274,15,11,146,15,8,310,0.053,,,,,False,,,,
P2,,,,,16,8,339,15,13,91,15,5,480,0.053,,,,,False,,,,
P20,,,,,15,5,480,16,7,417,15,6,434,0.053,,,,,False,,,,
P21,,,,,15,8,310,15,9,239,15,10,206,0.054,,,,,False,,,,
P22,,,,,15,14,18,16,10,237,15,7,349,0.054,,,,,False,,,,
P23,,,,,16,7,417,16,8,339,14,8,279,0.054,,,,,False,,,,
P24,,,,,16,9,269,15,11,175,15,10,206,0.054,,,,,False,,,,
P3,,,,,16,9,269,16,9,303,15,10,206,0.053,,,,,False,,,,
P4,,,,,15,5,480,15,9,274,17,9,331,0.053,,,,,False,,,,
P5,,,,,15,9,239,15,9,239,15,7,349,0.054,,,,,False,,,,
P6,,,,,15,9,274,15,11,175,15,9,239,0.054,,,,,False,,,,
P7,,,,,16,9,303,15,8,310,15,9,239,0.054,,,,,False,,,,
P8,,,,,15,7,349,15,9,239,15,7,349,0.054,,,,,False,,,,
P9,,,,,15,7,390,15,7,390,15,9,274,0.052,,,,,False,,,,
