Well,Run,Voltage,Current
A1,2.0,0.409377,3.811483e-06
A1,3.0,0.409377,3.979481e-06
A1,4.0,0.409377,3.975982e-06
A1,5.0,0.40454199999999996,3.951482e-06
A1,6.0,0.409377,3.921732e-06
A1,7.0,0.409377,3.895482e-06
A1,8.0,0.409377,3.870982e-06
A1,9.0,0.409377,3.848232e-06
A1,10.0,0.409377,3.828982e-06
A1,11.0,0.409377,3.587483e-06
A1,12.0,0.409377,3.555984e-06
A1,13.0,0.409377,3.522734e-06
A1,14.0,0.409377,3.501734e-06
A1,15.0,0.409377,3.475484e-06
A1,16.0,0.409377,3.4579839999999997e-06
A1,17.0,0.40454199999999996,3.438734e-06
A1,18.0,0.40454199999999996,3.419484e-06
A1,19.0,0.40454199999999996,3.401985e-06
A1,20.0,0.40454199999999996,3.389735e-06
A10,1.0,0.39487099999999997,3.251485e-06
A10,2.0,0.399706,3.316235e-06
A10,3.0,0.39487099999999997,3.310985e-06
A10,4.0,0.399706,3.307485e-06
A10,5.0,0.399706,3.295235e-06
A10,6.0,0.399706,3.295235e-06
A10,7.0,0.399706,3.281235e-06
A10,8.0,0.40454199999999996,3.279485e-06
A10,9.0,0.40454199999999996,3.274235e-06
A10,10.0,0.40454199999999996,3.2707349999999998e-06
A10,11.0,0.40454199999999996,3.118486e-06
A10,12.0,0.40454199999999996,3.104486e-06
A10,13.0,0.40454199999999996,3.092236e-06
A10,14.0,0.40454199999999996,3.081736e-06
A10,15.0,0.409377,3.076486e-06
A10,16.0,0.409377,3.069486e-06
A10,17.0,0.409377,3.062486e-06
A10,18.0,0.409377,3.057236e-06
A10,19.0,0.409377,3.044986e-06
A10,20.0,0.409377,3.043236e-06
A11,1.0,0.254652,2.01599e-06
A11,2.0,0.254652,6.71997e-07
A11,3.0,0.254652,5.59997e-07
A11,4.0,0.25948699999999997,5.59997e-07
A11,5.0,0.254652,5.59997e-07
A11,6.0,0.25948699999999997,5.59997e-07
A11,7.0,0.25948699999999997,5.59997e-07
A11,8.0,0.254652,5.59997e-07
A11,9.0,0.254652,5.59997e-07
A11,10.0,0.254652,5.59997e-07
A11,11.0,0.25948699999999997,5.59997e-07
A11,12.0,0.25948699999999997,5.59997e-07
A11,13.0,0.264322,5.31997e-07
A11,14.0,0.264322,5.31997e-07
A11,15.0,0.25948699999999997,5.59997e-07
A11,16.0,0.264322,5.31997e-07
A11,17.0,0.25948699999999997,5.59997e-07
A11,18.0,0.25948699999999997,5.03997e-07
A11,19.0,0.264322,5.31997e-07
A11,20.0,0.25948699999999997,5.03997e-07
A12,1.0,0.254652,2.855987e-06
A12,2.0,0.254652,6.15997e-07
A12,3.0,0.254652,5.59997e-07
A12,4.0,0.254652,5.03997e-07
A12,5.0,0.254652,5.03997e-07
A12,6.0,0.254652,5.03997e-07
A12,7.0,0.254652,5.03997e-07
A12,8.0,0.25948699999999997,4.47998e-07
A12,9.0,0.254652,5.03997e-07
A12,10.0,0.254652,5.03997e-07
A12,11.0,0.254652,4.47998e-07
A12,12.0,0.254652,5.03997e-07
A12,13.0,0.25948699999999997,4.47998e-07
A12,14.0,0.254652,5.03997e-07
A12,15.0,0.254652,5.03997e-07
A12,16.0,0.254652,5.03997e-07
A12,17.0,0.254652,5.03997e-07
A12,18.0,0.254652,5.03997e-07
A12,19.0,0.254652,5.03997e-07
A12,20.0,0.254652,4.47998e-07
A2,1.0,0.409377,3.314485e-06
A2,2.0,0.409377,3.447484e-06
A2,3.0,0.409377,3.463234e-06
A2,4.0,0.409377,3.4579839999999997e-06
A2,5.0,0.409377,3.447484e-06
A2,6.0,0.409377,3.438734e-06
A2,7.0,0.409377,3.4282339999999997e-06
A2,8.0,0.409377,3.415984e-06
A2,9.0,0.409377,3.405484e-06
A2,10.0,0.409377,3.398484e-06
A2,11.0,0.41421199999999997,3.235735e-06
A2,12.0,0.41421199999999997,3.216485e-06
A2,13.0,0.41421199999999997,3.202485e-06
A2,14.0,0.41421199999999997,3.186735e-06
A2,15.0,0.409377,3.177985e-06
A2,16.0,0.41421199999999997,3.163985e-06
A2,17.0,0.41421199999999997,3.1534849999999998e-06
A2,18.0,0.409377,3.142986e-06
A2,19.0,0.41421199999999997,3.134236e-06
A2,20.0,0.409377,3.1254849999999998e-06
A3,1.0,0.380366,3.307485e-06
A3,2.0,0.380366,3.391484e-06
A3,3.0,0.38520099999999996,3.405484e-06
A3,4.0,0.38520099999999996,3.401985e-06
A3,5.0,0.38520099999999996,3.391484e-06
A3,6.0,0.38520099999999996,3.380985e-06
A3,7.0,0.390036,3.375735e-06
A3,8.0,0.390036,3.366984e-06
A3,9.0,0.39487099999999997,3.358234e-06
A3,10.0,0.390036,3.349484e-06
A3,11.0,0.39487099999999997,3.193735e-06
A3,12.0,0.399706,3.176235e-06
A3,13.0,0.399706,3.1657359999999998e-06
A3,14.0,0.399706,3.151736e-06
A3,15.0,0.399706,3.142986e-06
A3,16.0,0.399706,3.132486e-06
A3,17.0,0.399706,3.123736e-06
A3,18.0,0.399706,3.113236e-06
A3,19.0,0.399706,3.1097359999999998e-06
A3,20.0,0.399706,3.099236e-06
A4,1.0,0.38520099999999996,3.303985e-06
A4,2.0,0.390036,3.422984e-06
A4,3.0,0.390036,3.450984e-06
A4,4.0,0.39487099999999997,3.443984e-06
A4,5.0,0.39487099999999997,3.440484e-06
A4,6.0,0.39487099999999997,3.4317339999999998e-06
A4,7.0,0.39487099999999997,3.421234e-06
A4,8.0,0.39487099999999997,3.414234e-06
A4,9.0,0.399706,3.408984e-06
A4,10.0,0.399706,3.405484e-06
A4,11.0,0.399706,3.246235e-06
A4,12.0,0.399706,3.225235e-06
A4,13.0,0.399706,3.2129849999999998e-06
A4,14.0,0.40454199999999996,3.200735e-06
A4,15.0,0.40454199999999996,3.188485e-06
A4,16.0,0.40454199999999996,3.179735e-06
A4,17.0,0.40454199999999996,3.169235e-06
A4,18.0,0.40454199999999996,3.163985e-06
A4,19.0,0.40454199999999996,3.1552349999999998e-06
A4,20.0,0.40454199999999996,3.1517349999999997e-06
A5,1.0,0.390036,3.2969849999999997e-06
A5,2.0,0.39487099999999997,3.401985e-06
A5,3.0,0.39487099999999997,3.415984e-06
A5,4.0,0.39487099999999997,3.4142349999999998e-06
A5,5.0,0.399706,3.403734e-06
A5,6.0,0.39487099999999997,3.394984e-06
A5,7.0,0.399706,3.387984e-06
A5,8.0,0.399706,3.3827349999999997e-06
A5,9.0,0.399706,3.373985e-06
A5,10.0,0.40454199999999996,3.370485e-06
A5,11.0,0.40454199999999996,3.214735e-06
A5,12.0,0.40454199999999996,3.200735e-06
A5,13.0,0.40454199999999996,3.188485e-06
A5,14.0,0.40454199999999996,3.176235e-06
A5,15.0,0.40454199999999996,3.167485e-06
A5,16.0,0.40454199999999996,3.1552349999999998e-06
A5,17.0,0.40454199999999996,3.146486e-06
A5,18.0,0.40454199999999996,3.139485e-06
A5,19.0,0.40454199999999996,3.134236e-06
A5,20.0,0.409377,3.128986e-06
A6,1.0,0.380366,3.233985e-06
A6,2.0,0.38520099999999996,3.342485e-06
A6,3.0,0.38520099999999996,3.359985e-06
A6,4.0,0.38520099999999996,3.349484e-06
A6,5.0,0.390036,3.337234e-06
A6,6.0,0.390036,3.3267349999999998e-06
A6,7.0,0.390036,3.317985e-06
A6,8.0,0.39487099999999997,3.303985e-06
A6,9.0,0.39487099999999997,3.2987349999999998e-06
A6,10.0,0.399706,3.288235e-06
A6,11.0,0.399706,3.134235e-06
A6,12.0,0.399706,3.114986e-06
A6,13.0,0.399706,3.104486e-06
A6,14.0,0.40454199999999996,3.088736e-06
A6,15.0,0.40454199999999996,3.0799859999999998e-06
A6,16.0,0.40454199999999996,3.071236e-06
A6,17.0,0.40454199999999996,3.065986e-06
A6,18.0,0.40454199999999996,3.0519859999999998e-06
A6,19.0,0.40454199999999996,3.044986e-06
A6,20.0,0.40454199999999996,3.036236e-06
A7,1.0,0.38520099999999996,3.282985e-06
A7,2.0,0.390036,3.393234e-06
A7,3.0,0.390036,3.405485e-06
A7,4.0,0.39487099999999997,3.4002339999999997e-06
A7,5.0,0.39487099999999997,3.393235e-06
A7,6.0,0.39487099999999997,3.384484e-06
A7,7.0,0.399706,3.3739839999999998e-06
A7,8.0,0.399706,3.370485e-06
A7,9.0,0.399706,3.359985e-06
A7,10.0,0.399706,3.352984e-06
A7,11.0,0.40454199999999996,3.202485e-06
A7,12.0,0.40454199999999996,3.188485e-06
A7,13.0,0.40454199999999996,3.174485e-06
A7,14.0,0.40454199999999996,3.162235e-06
A7,15.0,0.40454199999999996,3.1534849999999998e-06
A7,16.0,0.40454199999999996,3.144736e-06
A7,17.0,0.40454199999999996,3.139485e-06
A7,18.0,0.40454199999999996,3.127236e-06
A7,19.0,0.409377,3.116736e-06
A7,20.0,0.40454199999999996,3.113236e-06
A8,1.0,0.390036,3.216485e-06
A8,2.0,0.390036,3.3564849999999998e-06
A8,3.0,0.390036,3.405484e-06
A8,4.0,0.390036,3.408984e-06
A8,5.0,0.390036,3.4019839999999998e-06
A8,6.0,0.39487099999999997,3.396735e-06
A8,7.0,0.39487099999999997,3.389734e-06
A8,8.0,0.39487099999999997,3.3844849999999997e-06
A8,9.0,0.399706,3.380984e-06
A8,10.0,0.399706,3.373985e-06
A8,11.0,0.399706,3.218235e-06
A8,12.0,0.399706,3.204235e-06
A8,13.0,0.399706,3.190235e-06
A8,14.0,0.399706,3.179735e-06
A8,15.0,0.40454199999999996,3.170985e-06
A8,16.0,0.40454199999999996,3.1639859999999997e-06
A8,17.0,0.40454199999999996,3.1552349999999998e-06
A8,18.0,0.40454199999999996,3.146486e-06
A8,19.0,0.40454199999999996,3.141235e-06
A8,20.0,0.40454199999999996,3.1359859999999997e-06
A9,1.0,0.390036,3.275985e-06
A9,2.0,0.39487099999999997,3.4002339999999997e-06
A9,3.0,0.399706,3.419484e-06
A9,4.0,0.39487099999999997,3.412484e-06
A9,5.0,0.399706,3.410734e-06
A9,6.0,0.399706,3.401985e-06
A9,7.0,0.399706,3.391484e-06
A9,8.0,0.399706,3.3862349999999998e-06
A9,9.0,0.399706,3.380984e-06
A9,10.0,0.40454199999999996,3.3722339999999998e-06
A9,11.0,0.40454199999999996,3.228735e-06
A9,12.0,0.40454199999999996,3.2112349999999998e-06
A9,13.0,0.40454199999999996,3.198985e-06
A9,14.0,0.40454199999999996,3.188485e-06
A9,15.0,0.40454199999999996,3.176236e-06
A9,16.0,0.40454199999999996,3.169236e-06
A9,17.0,0.40454199999999996,3.160486e-06
A9,18.0,0.409377,3.1552349999999998e-06
A9,19.0,0.409377,3.148236e-06
A9,20.0,0.409377,3.144735e-06
B1,2.0,0.41421199999999997,3.786983e-06
B1,3.0,0.41421199999999997,3.989981e-06
B1,4.0,0.41421199999999997,4.0249819999999995e-06
B1,5.0,0.41421199999999997,4.012732e-06
B1,6.0,0.41421199999999997,3.986482e-06
B1,7.0,0.41421199999999997,3.963732e-06
B1,8.0,0.41421199999999997,3.942731e-06
B1,9.0,0.41421199999999997,3.919982e-06
B1,10.0,0.41421199999999997,3.898982e-06
B1,11.0,0.41421199999999997,3.641733e-06
B1,12.0,0.41421199999999997,3.6207329999999998e-06
B1,13.0,0.41421199999999997,3.599733e-06
B1,14.0,0.41421199999999997,3.5752339999999998e-06
B1,15.0,0.41421199999999997,3.559484e-06
B1,16.0,0.41421199999999997,3.5437339999999997e-06
B1,17.0,0.41421199999999997,3.529734e-06
B1,18.0,0.41421199999999997,3.5157339999999997e-06
B1,19.0,0.41421199999999997,3.498234e-06
B1,20.0,0.41421199999999997,3.484234e-06
B10,1.0,0.399706,3.352985e-06
B10,2.0,0.399706,3.412484e-06
B10,3.0,0.399706,3.407234e-06
B10,4.0,0.40454199999999996,3.403734e-06
B10,5.0,0.399706,3.391485e-06
B10,6.0,0.40454199999999996,3.386234e-06
B10,7.0,0.40454199999999996,3.3844849999999997e-06
B10,8.0,0.40454199999999996,3.3739839999999998e-06
B10,9.0,0.40454199999999996,3.368734e-06
B10,10.0,0.40454199999999996,3.361735e-06
B10,11.0,0.40454199999999996,3.2129849999999998e-06
B10,12.0,0.409377,3.204235e-06
B10,13.0,0.409377,3.191985e-06
B10,14.0,0.409377,3.186735e-06
B10,15.0,0.409377,3.177985e-06
B10,16.0,0.409377,3.170985e-06
B10,17.0,0.409377,3.169235e-06
B10,18.0,0.409377,3.160485e-06
B10,19.0,0.409377,3.156985e-06
B10,20.0,0.41421199999999997,3.149985e-06
B11,1.0,0.254652,1.679992e-06
B11,2.0,0.254652,6.15997e-07
B11,3.0,0.25948699999999997,5.59997e-07
B11,4.0,0.25948699999999997,5.59997e-07
B11,5.0,0.25948699999999997,5.59997e-07
B11,6.0,0.25948699999999997,5.59997e-07
B11,7.0,0.25948699999999997,5.59997e-07
B11,8.0,0.25948699999999997,5.59997e-07
B11,9.0,0.25948699999999997,5.59997e-07
B11,10.0,0.25948699999999997,5.59997e-07
B11,11.0,0.25948699999999997,5.59997e-07
B11,12.0,0.25948699999999997,5.59997e-07
B11,13.0,0.25948699999999997,5.59997e-07
B11,14.0,0.264322,5.31997e-07
B11,15.0,0.25948699999999997,5.59997e-07
B11,16.0,0.25948699999999997,5.59997e-07
B11,17.0,0.264322,5.31997e-07
B11,18.0,0.25948699999999997,5.59997e-07
B11,19.0,0.264322,5.31997e-07
B11,20.0,0.25948699999999997,5.59997e-07
B12,1.0,0.254652,1.9039909999999999e-06
B12,2.0,0.254652,6.15997e-07
B12,3.0,0.254652,5.59997e-07
B12,4.0,0.25948699999999997,5.59997e-07
B12,5.0,0.254652,5.59997e-07
B12,6.0,0.254652,5.59997e-07
B12,7.0,0.254652,5.59997e-07
B12,8.0,0.254652,5.59997e-07
B12,9.0,0.254652,5.59997e-07
B12,10.0,0.254652,5.59997e-07
B12,11.0,0.25948699999999997,5.59997e-07
B12,12.0,0.25948699999999997,5.59997e-07
B12,13.0,0.264322,5.31997e-07
B12,14.0,0.264322,5.31997e-07
B12,15.0,0.264322,5.31997e-07
B12,16.0,0.264322,5.31997e-07
B12,17.0,0.264322,5.31997e-07
B12,18.0,0.25948699999999997,5.03997e-07
B12,19.0,0.25948699999999997,5.03997e-07
B12,20.0,0.264322,5.31997e-07
B2,1.0,0.380366,3.380985e-06
B2,2.0,0.38520099999999996,3.461484e-06
B2,3.0,0.38520099999999996,3.471984e-06
B2,4.0,0.38520099999999996,3.461484e-06
B2,5.0,0.390036,3.447484e-06
B2,6.0,0.390036,3.436984e-06
B2,7.0,0.390036,3.419484e-06
B2,8.0,0.390036,3.408984e-06
B2,9.0,0.39487099999999997,3.4002339999999997e-06
B2,10.0,0.39487099999999997,3.384484e-06
B2,11.0,0.39487099999999997,3.226985e-06
B2,12.0,0.399706,3.216485e-06
B2,13.0,0.399706,3.204235e-06
B2,14.0,0.399706,3.188485e-06
B2,15.0,0.399706,3.179735e-06
B2,16.0,0.399706,3.167485e-06
B2,17.0,0.399706,3.158735e-06
B2,18.0,0.399706,3.1517349999999997e-06
B2,19.0,0.399706,3.141236e-06
B2,20.0,0.399706,3.1377359999999998e-06
B3,1.0,0.370695,4.168481e-06
B3,2.0,0.390036,3.324984e-06
B3,3.0,0.39487099999999997,3.331985e-06
B3,4.0,0.39487099999999997,3.3267349999999998e-06
B3,5.0,0.39487099999999997,3.321485e-06
B3,6.0,0.399706,3.314485e-06
B3,7.0,0.399706,3.307485e-06
B3,8.0,0.399706,3.2969849999999997e-06
B3,9.0,0.399706,3.291735e-06
B3,10.0,0.40454199999999996,3.284735e-06
B3,11.0,0.40454199999999996,3.139485e-06
B3,12.0,0.40454199999999996,3.121985e-06
B3,13.0,0.40454199999999996,3.114986e-06
B3,14.0,0.40454199999999996,3.1079859999999998e-06
B3,15.0,0.40454199999999996,3.099236e-06
B3,16.0,0.40454199999999996,3.090486e-06
B3,17.0,0.40454199999999996,3.086986e-06
B3,18.0,0.40454199999999996,3.0799859999999998e-06
B3,19.0,0.40454199999999996,3.076486e-06
B3,20.0,0.40454199999999996,3.071235e-06
B4,1.0,0.390036,3.338985e-06
B4,2.0,0.39487099999999997,3.440484e-06
B4,3.0,0.39487099999999997,3.449234e-06
B4,4.0,0.399706,3.443984e-06
B4,5.0,0.399706,3.440484e-06
B4,6.0,0.399706,3.4317339999999998e-06
B4,7.0,0.399706,3.422984e-06
B4,8.0,0.399706,3.415984e-06
B4,9.0,0.40454199999999996,3.405484e-06
B4,10.0,0.40454199999999996,3.4002339999999997e-06
B4,11.0,0.40454199999999996,3.244485e-06
B4,12.0,0.40454199999999996,3.228735e-06
B4,13.0,0.40454199999999996,3.221735e-06
B4,14.0,0.40454199999999996,3.2129849999999998e-06
B4,15.0,0.40454199999999996,3.205985e-06
B4,16.0,0.40454199999999996,3.200735e-06
B4,17.0,0.40454199999999996,3.191985e-06
B4,18.0,0.409377,3.186735e-06
B4,19.0,0.409377,3.177985e-06
B4,20.0,0.409377,3.177985e-06
B5,1.0,0.39487099999999997,3.135985e-06
B5,2.0,0.39487099999999997,3.407234e-06
B5,3.0,0.399706,3.4019839999999998e-06
B5,4.0,0.399706,3.394984e-06
B5,5.0,0.399706,3.386234e-06
B5,6.0,0.399706,3.375735e-06
B5,7.0,0.40454199999999996,3.366984e-06
B5,8.0,0.40454199999999996,3.358234e-06
B5,9.0,0.40454199999999996,3.351235e-06
B5,10.0,0.40454199999999996,3.345984e-06
B5,11.0,0.40454199999999996,3.193735e-06
B5,12.0,0.409377,3.1814849999999997e-06
B5,13.0,0.409377,3.169235e-06
B5,14.0,0.409377,3.162235e-06
B5,15.0,0.409377,3.158735e-06
B5,16.0,0.409377,3.149985e-06
B5,17.0,0.409377,3.142985e-06
B5,18.0,0.409377,3.1377359999999998e-06
B5,19.0,0.409377,3.130736e-06
B5,20.0,0.41421199999999997,3.125486e-06
B6,1.0,0.38520099999999996,3.317985e-06
B6,2.0,0.390036,3.426484e-06
B6,3.0,0.390036,3.436984e-06
B6,4.0,0.39487099999999997,3.426484e-06
B6,5.0,0.39487099999999997,3.415984e-06
B6,6.0,0.399706,3.405484e-06
B6,7.0,0.399706,3.394985e-06
B6,8.0,0.399706,3.382734e-06
B6,9.0,0.399706,3.372235e-06
B6,10.0,0.399706,3.365235e-06
B6,11.0,0.40454199999999996,3.207735e-06
B6,12.0,0.40454199999999996,3.191985e-06
B6,13.0,0.40454199999999996,3.183236e-06
B6,14.0,0.40454199999999996,3.169236e-06
B6,15.0,0.40454199999999996,3.158736e-06
B6,16.0,0.40454199999999996,3.149985e-06
B6,17.0,0.409377,3.141236e-06
B6,18.0,0.409377,3.134235e-06
B6,19.0,0.409377,3.127235e-06
B6,20.0,0.409377,3.121986e-06
B7,1.0,0.399706,3.3284849999999998e-06
B7,2.0,0.399706,3.405484e-06
B7,3.0,0.399706,3.403734e-06
B7,4.0,0.399706,3.393235e-06
B7,5.0,0.40454199999999996,3.377484e-06
B7,6.0,0.40454199999999996,3.366984e-06
B7,7.0,0.40454199999999996,3.354734e-06
B7,8.0,0.40454199999999996,3.340735e-06
B7,9.0,0.409377,3.331985e-06
B7,10.0,0.409377,3.319735e-06
B7,11.0,0.409377,3.1657359999999998e-06
B7,12.0,0.409377,3.144736e-06
B7,13.0,0.41421199999999997,3.134235e-06
B7,14.0,0.41421199999999997,3.123736e-06
B7,15.0,0.41421199999999997,3.113235e-06
B7,16.0,0.41421199999999997,3.104485e-06
B7,17.0,0.41421199999999997,3.093986e-06
B7,18.0,0.41421199999999997,3.086986e-06
B7,19.0,0.41421199999999997,3.072986e-06
B7,20.0,0.41421199999999997,3.064236e-06
B8,1.0,0.390036,3.307485e-06
B8,2.0,0.39487099999999997,3.3862349999999998e-06
B8,3.0,0.40454199999999996,3.4002339999999997e-06
B8,4.0,0.40454199999999996,3.382734e-06
B8,5.0,0.409377,3.366984e-06
B8,6.0,0.41421199999999997,3.359984e-06
B8,7.0,0.419047,3.361734e-06
B8,8.0,0.423882,3.352985e-06
B8,9.0,0.423882,3.345984e-06
B8,10.0,0.43355299999999997,3.333735e-06
B8,11.0,0.43355299999999997,3.17711e-06
B8,12.0,0.43355299999999997,3.1683599999999998e-06
B8,13.0,0.43355299999999997,3.162235e-06
B8,14.0,0.43355299999999997,3.15786e-06
B8,15.0,0.43355299999999997,3.15086e-06
B8,16.0,0.43355299999999997,3.142986e-06
B8,17.0,0.43355299999999997,3.134235e-06
B8,18.0,0.43355299999999997,3.1079859999999998e-06
B8,19.0,0.42871699999999996,3.121986e-06
B8,20.0,0.42871699999999996,3.11936e-06
B9,1.0,0.370695,3.398485e-06
B9,2.0,0.375531,3.475484e-06
B9,3.0,0.375531,3.482484e-06
B9,4.0,0.375531,3.471984e-06
B9,5.0,0.380366,3.464984e-06
B9,6.0,0.380366,3.454484e-06
B9,7.0,0.380366,3.443984e-06
B9,8.0,0.380366,3.433484e-06
B9,9.0,0.38520099999999996,3.424734e-06
B9,10.0,0.38520099999999996,3.415984e-06
B9,11.0,0.38520099999999996,3.258485e-06
B9,12.0,0.38520099999999996,3.242735e-06
B9,13.0,0.390036,3.232235e-06
B9,14.0,0.390036,3.226985e-06
B9,15.0,0.390036,3.216485e-06
B9,16.0,0.390036,3.205985e-06
B9,17.0,0.390036,3.200735e-06
B9,18.0,0.390036,3.195485e-06
B9,19.0,0.390036,3.188485e-06
B9,20.0,0.390036,3.184986e-06
C1,2.0,0.41421199999999997,3.821982e-06
C1,3.0,0.409377,4.010982e-06
C1,4.0,0.409377,4.021482e-06
C1,5.0,0.409377,3.9987319999999995e-06
C1,6.0,0.409377,3.974232e-06
C1,7.0,0.409377,3.953232e-06
C1,8.0,0.41421199999999997,3.926982e-06
C1,9.0,0.41421199999999997,3.905982e-06
C1,10.0,0.41421199999999997,3.8832319999999996e-06
C1,11.0,0.41421199999999997,3.652233e-06
C1,12.0,0.41421199999999997,3.625983e-06
C1,13.0,0.409377,3.610233e-06
C1,14.0,0.41421199999999997,3.5909829999999998e-06
C1,15.0,0.409377,3.580483e-06
C1,16.0,0.409377,3.564734e-06
C1,17.0,0.41421199999999997,3.550734e-06
C1,18.0,0.409377,3.538484e-06
C1,19.0,0.409377,3.522734e-06
C1,20.0,0.409377,3.513984e-06
C10,1.0,0.399706,3.293485e-06
C10,2.0,0.399706,3.414234e-06
C10,3.0,0.399706,3.415984e-06
C10,4.0,0.399706,3.408984e-06
C10,5.0,0.40454199999999996,3.398484e-06
C10,6.0,0.40454199999999996,3.393234e-06
C10,7.0,0.40454199999999996,3.387984e-06
C10,8.0,0.40454199999999996,3.377484e-06
C10,9.0,0.40454199999999996,3.370485e-06
C10,10.0,0.40454199999999996,3.365234e-06
C10,11.0,0.409377,3.2112349999999998e-06
C10,12.0,0.409377,3.202485e-06
C10,13.0,0.409377,3.191985e-06
C10,14.0,0.409377,3.188485e-06
C10,15.0,0.409377,3.179735e-06
C10,16.0,0.409377,3.179735e-06
C10,17.0,0.409377,3.172736e-06
C10,18.0,0.409377,3.165735e-06
C10,19.0,0.409377,3.163985e-06
C10,20.0,0.409377,3.1552349999999998e-06
C11,1.0,0.254652,1.679992e-06
C11,2.0,0.254652,6.15997e-07
C11,3.0,0.25948699999999997,5.59997e-07
C11,4.0,0.25948699999999997,5.59997e-07
C11,5.0,0.25948699999999997,5.59997e-07
C11,6.0,0.25948699999999997,5.59997e-07
C11,7.0,0.25948699999999997,5.59997e-07
C11,8.0,0.254652,5.59997e-07
C11,9.0,0.254652,5.59997e-07
C11,10.0,0.264322,5.31997e-07
C11,11.0,0.264322,5.31997e-07
C11,12.0,0.264322,5.31997e-07
C11,13.0,0.264322,5.31997e-07
C11,14.0,0.25948699999999997,5.59997e-07
C11,15.0,0.264322,5.31997e-07
C11,16.0,0.264322,5.03997e-07
C11,17.0,0.25948699999999997,5.59997e-07
C11,18.0,0.25948699999999997,5.03997e-07
C11,19.0,0.25948699999999997,5.03997e-07
C11,20.0,0.25948699999999997,5.03997e-07
C12,1.0,0.254652,2.407989e-06
C12,2.0,0.254652,6.15997e-07
C12,3.0,0.254652,6.15997e-07
C12,4.0,0.254652,5.59997e-07
C12,5.0,0.254652,5.59997e-07
C12,6.0,0.254652,5.59997e-07
C12,7.0,0.254652,5.59997e-07
C12,8.0,0.254652,5.59997e-07
C12,9.0,0.254652,5.59997e-07
C12,10.0,0.254652,5.59997e-07
C12,11.0,0.254652,5.03997e-07
C12,12.0,0.254652,5.59997e-07
C12,13.0,0.254652,5.03997e-07
C12,14.0,0.254652,5.03997e-07
C12,15.0,0.254652,5.03997e-07
C12,16.0,0.254652,5.03997e-07
C12,17.0,0.254652,5.03997e-07
C12,18.0,0.254652,5.03997e-07
C12,19.0,0.254652,5.03997e-07
C12,20.0,0.254652,5.03997e-07
C2,1.0,0.399706,3.289985e-06
C2,2.0,0.399706,3.414234e-06
C2,3.0,0.399706,3.4317339999999998e-06
C2,4.0,0.399706,3.424734e-06
C2,5.0,0.40454199999999996,3.414234e-06
C2,6.0,0.40454199999999996,3.4002339999999997e-06
C2,7.0,0.409377,3.387984e-06
C2,8.0,0.40454199999999996,3.3739839999999998e-06
C2,9.0,0.409377,3.363485e-06
C2,10.0,0.409377,3.351235e-06
C2,11.0,0.409377,3.198985e-06
C2,12.0,0.409377,3.179735e-06
C2,13.0,0.409377,3.167485e-06
C2,14.0,0.41421199999999997,3.158735e-06
C2,15.0,0.409377,3.148236e-06
C2,16.0,0.41421199999999997,3.139485e-06
C2,17.0,0.41421199999999997,3.130736e-06
C2,18.0,0.41421199999999997,3.1237349999999997e-06
C2,19.0,0.41421199999999997,3.113236e-06
C2,20.0,0.409377,3.1062359999999997e-06
C3,1.0,0.375531,3.307485e-06
C3,2.0,0.38520099999999996,3.380985e-06
C3,3.0,0.38520099999999996,3.398484e-06
C3,4.0,0.38520099999999996,3.391484e-06
C3,5.0,0.38520099999999996,3.373985e-06
C3,6.0,0.390036,3.365234e-06
C3,7.0,0.390036,3.358235e-06
C3,8.0,0.390036,3.349485e-06
C3,9.0,0.390036,3.340734e-06
C3,10.0,0.39487099999999997,3.333735e-06
C3,11.0,0.39487099999999997,3.1814849999999997e-06
C3,12.0,0.39487099999999997,3.169236e-06
C3,13.0,0.39487099999999997,3.1552349999999998e-06
C3,14.0,0.39487099999999997,3.148236e-06
C3,15.0,0.39487099999999997,3.142986e-06
C3,16.0,0.399706,3.134235e-06
C3,17.0,0.399706,3.130736e-06
C3,18.0,0.399706,3.123736e-06
C3,19.0,0.399706,3.118486e-06
C3,20.0,0.399706,3.111486e-06
C4,1.0,0.35619,3.3249849999999997e-06
C4,2.0,0.361025,3.422984e-06
C4,3.0,0.36585999999999996,3.447484e-06
C4,4.0,0.36585999999999996,3.443984e-06
C4,5.0,0.370695,3.433484e-06
C4,6.0,0.370695,3.4299839999999998e-06
C4,7.0,0.370695,3.415984e-06
C4,8.0,0.375531,3.405484e-06
C4,9.0,0.375531,3.398485e-06
C4,10.0,0.375531,3.391484e-06
C4,11.0,0.380366,3.226985e-06
C4,12.0,0.380366,3.219985e-06
C4,13.0,0.380366,3.205985e-06
C4,14.0,0.380366,3.198985e-06
C4,15.0,0.380366,3.191985e-06
C4,16.0,0.38520099999999996,3.184986e-06
C4,17.0,0.38520099999999996,3.174485e-06
C4,18.0,0.38520099999999996,3.165735e-06
C4,19.0,0.38520099999999996,3.160485e-06
C4,20.0,0.38520099999999996,3.1552349999999998e-06
C5,1.0,0.390036,3.279485e-06
C5,2.0,0.39487099999999997,3.387984e-06
C5,3.0,0.39487099999999997,3.4002339999999997e-06
C5,4.0,0.39487099999999997,3.398484e-06
C5,5.0,0.399706,3.387984e-06
C5,6.0,0.399706,3.379235e-06
C5,7.0,0.399706,3.377485e-06
C5,8.0,0.399706,3.3704839999999997e-06
C5,9.0,0.399706,3.361734e-06
C5,10.0,0.399706,3.356484e-06
C5,11.0,0.399706,3.204235e-06
C5,12.0,0.40454199999999996,3.193735e-06
C5,13.0,0.40454199999999996,3.186735e-06
C5,14.0,0.40454199999999996,3.176235e-06
C5,15.0,0.40454199999999996,3.174485e-06
C5,16.0,0.40454199999999996,3.169236e-06
C5,17.0,0.40454199999999996,3.160486e-06
C5,18.0,0.40454199999999996,3.1552349999999998e-06
C5,19.0,0.40454199999999996,3.148236e-06
C5,20.0,0.409377,3.142986e-06
C6,1.0,0.351355,0.0010961950000000001
C6,2.0,0.35619,0.0010827550000000001
C6,3.0,0.35619,0.001255122
C6,4.0,0.35619,0.0012149700000000001
C6,5.0,0.35619,0.0012868180000000001
C6,6.0,0.35619,0.001301042
C6,7.0,0.35619,0.0013216500000000002
C6,8.0,0.351355,0.0012715860000000001
C6,9.0,0.35619,0.0012741060000000001
C6,10.0,0.351355,0.0013907540000000001
C6,11.0,0.351355,0.0013586660000000001
C6,12.0,0.351355,0.001311794
C6,13.0,0.351355,0.00133369
C6,14.0,0.351355,0.001309946
C6,15.0,0.351355,0.00129085
C6,16.0,0.351355,0.001286482
C6,17.0,0.351355,0.001304346
C6,18.0,0.351355,0.00127461
C6,19.0,0.351355,0.00128301
C6,20.0,0.351355,0.001269346
C7,1.0,0.399706,3.3284849999999998e-06
C7,2.0,0.399706,3.403734e-06
C7,3.0,0.40454199999999996,3.405484e-06
C7,4.0,0.40454199999999996,3.389735e-06
C7,5.0,0.40454199999999996,3.3844849999999997e-06
C7,6.0,0.40454199999999996,3.3722339999999998e-06
C7,7.0,0.40454199999999996,3.3564849999999998e-06
C7,8.0,0.409377,3.345985e-06
C7,9.0,0.409377,3.337235e-06
C7,10.0,0.409377,3.330235e-06
C7,11.0,0.409377,3.179735e-06
C7,12.0,0.41421199999999997,3.160485e-06
C7,13.0,0.41421199999999997,3.1534849999999998e-06
C7,14.0,0.41421199999999997,3.141235e-06
C7,15.0,0.41421199999999997,3.1359859999999997e-06
C7,16.0,0.41421199999999997,3.127235e-06
C7,17.0,0.41421199999999997,3.120235e-06
C7,18.0,0.41421199999999997,3.113235e-06
C7,19.0,0.41421199999999997,3.104486e-06
C7,20.0,0.41421199999999997,3.099236e-06
C8,1.0,0.380366,3.244485e-06
C8,2.0,0.38520099999999996,3.363485e-06
C8,3.0,0.38520099999999996,3.3844849999999997e-06
C8,4.0,0.390036,3.377485e-06
C8,5.0,0.390036,3.365234e-06
C8,6.0,0.390036,3.352985e-06
C8,7.0,0.39487099999999997,3.344235e-06
C8,8.0,0.39487099999999997,3.333734e-06
C8,9.0,0.39487099999999997,3.328484e-06
C8,10.0,0.399706,3.317985e-06
C8,11.0,0.399706,3.165735e-06
C8,12.0,0.399706,3.156986e-06
C8,13.0,0.399706,3.142986e-06
C8,14.0,0.399706,3.1377359999999998e-06
C8,15.0,0.399706,3.128985e-06
C8,16.0,0.399706,3.121986e-06
C8,17.0,0.40454199999999996,3.116736e-06
C8,18.0,0.40454199999999996,3.1079859999999998e-06
C8,19.0,0.40454199999999996,3.104486e-06
C8,20.0,0.40454199999999996,3.095736e-06
C9,1.0,0.375531,3.317985e-06
C9,2.0,0.380366,3.422984e-06
C9,3.0,0.380366,3.433484e-06
C9,4.0,0.38520099999999996,3.4299839999999998e-06
C9,5.0,0.38520099999999996,3.415984e-06
C9,6.0,0.390036,3.407234e-06
C9,7.0,0.390036,3.394984e-06
C9,8.0,0.390036,3.389735e-06
C9,9.0,0.390036,3.384484e-06
C9,10.0,0.390036,3.3704839999999997e-06
C9,11.0,0.39487099999999997,3.218235e-06
C9,12.0,0.39487099999999997,3.205985e-06
C9,13.0,0.39487099999999997,3.195485e-06
C9,14.0,0.39487099999999997,3.188485e-06
C9,15.0,0.39487099999999997,3.1814849999999997e-06
C9,16.0,0.399706,3.176235e-06
C9,17.0,0.399706,3.170985e-06
C9,18.0,0.399706,3.1657359999999998e-06
C9,19.0,0.399706,3.158735e-06
C9,20.0,0.399706,3.153486e-06
D1,2.0,0.41421199999999997,3.856982e-06
D1,3.0,0.41421199999999997,4.031981e-06
D1,4.0,0.41421199999999997,4.033732e-06
D1,5.0,0.409377,4.007482e-06
D1,6.0,0.41421199999999997,3.982982e-06
D1,7.0,0.41421199999999997,3.960232e-06
D1,8.0,0.41421199999999997,3.935732e-06
D1,9.0,0.41421199999999997,3.9129819999999996e-06
D1,10.0,0.41421199999999997,3.895482e-06
D1,11.0,0.41421199999999997,3.664483e-06
D1,12.0,0.41421199999999997,3.645233e-06
D1,13.0,0.41421199999999997,3.624233e-06
D1,14.0,0.41421199999999997,3.610233e-06
D1,15.0,0.41421199999999997,3.596234e-06
D1,16.0,0.41421199999999997,3.5752339999999998e-06
D1,17.0,0.41421199999999997,3.564733e-06
D1,18.0,0.41421199999999997,3.550734e-06
D1,19.0,0.41421199999999997,3.538484e-06
D1,20.0,0.41421199999999997,3.526234e-06
D10,1.0,0.390036,3.310985e-06
D10,2.0,0.390036,3.408984e-06
D10,3.0,0.390036,3.408984e-06
D10,4.0,0.390036,3.398484e-06
D10,5.0,0.39487099999999997,3.389735e-06
D10,6.0,0.39487099999999997,3.379234e-06
D10,7.0,0.39487099999999997,3.368735e-06
D10,8.0,0.399706,3.359984e-06
D10,9.0,0.399706,3.352984e-06
D10,10.0,0.399706,3.345984e-06
D10,11.0,0.399706,3.167485e-06
D10,12.0,0.40454199999999996,3.158735e-06
D10,13.0,0.40454199999999996,3.149985e-06
D10,14.0,0.40454199999999996,3.142986e-06
D10,15.0,0.40454199999999996,3.139485e-06
D10,16.0,0.40454199999999996,3.132486e-06
D10,17.0,0.40454199999999996,3.123736e-06
D10,18.0,0.40454199999999996,3.118486e-06
D10,19.0,0.409377,3.111486e-06
D10,20.0,0.40454199999999996,3.104486e-06
D11,1.0,0.254652,2.23999e-06
D11,2.0,0.254652,6.15997e-07
D11,3.0,0.254652,5.59997e-07
D11,4.0,0.25948699999999997,5.03997e-07
D11,5.0,0.254652,5.59997e-07
D11,6.0,0.25948699999999997,5.03997e-07
D11,7.0,0.254652,5.03997e-07
D11,8.0,0.254652,5.03997e-07
D11,9.0,0.254652,5.03997e-07
D11,10.0,0.254652,5.03997e-07
D11,11.0,0.254652,5.03997e-07
D11,12.0,0.254652,5.03997e-07
D11,13.0,0.254652,5.03997e-07
D11,14.0,0.254652,5.03997e-07
D11,15.0,0.254652,5.03997e-07
D11,16.0,0.264322,4.75997e-07
D11,17.0,0.25948699999999997,5.03997e-07
D11,18.0,0.25948699999999997,4.47998e-07
D11,19.0,0.25948699999999997,5.03997e-07
D11,20.0,0.25948699999999997,4.47998e-07
D12,1.0,0.254652,2.12799e-06
D12,2.0,0.254652,6.71997e-07
D12,3.0,0.264322,5.879969999999999e-07
D12,4.0,0.25948699999999997,5.59997e-07
D12,5.0,0.25948699999999997,5.59997e-07
D12,6.0,0.25948699999999997,5.59997e-07
D12,7.0,0.254652,5.59997e-07
D12,8.0,0.254652,5.59997e-07
D12,9.0,0.254652,5.59997e-07
D12,10.0,0.254652,5.59997e-07
D12,11.0,0.254652,5.59997e-07
D12,12.0,0.254652,5.59997e-07
D12,13.0,0.25948699999999997,5.59997e-07
D12,14.0,0.264322,5.31997e-07
D12,15.0,0.254652,5.59997e-07
D12,16.0,0.254652,5.03997e-07
D12,17.0,0.264322,5.31997e-07
D12,18.0,0.254652,5.03997e-07
D12,19.0,0.25948699999999997,5.03997e-07
D12,20.0,0.25948699999999997,5.03997e-07
D2,1.0,0.390036,3.303985e-06
D2,2.0,0.390036,3.4019839999999998e-06
D2,3.0,0.390036,3.412484e-06
D2,4.0,0.39487099999999997,3.4019839999999998e-06
D2,5.0,0.39487099999999997,3.398484e-06
D2,6.0,0.399706,3.382734e-06
D2,7.0,0.399706,3.368735e-06
D2,8.0,0.399706,3.358234e-06
D2,9.0,0.399706,3.347735e-06
D2,10.0,0.399706,3.337235e-06
D2,11.0,0.40454199999999996,3.184986e-06
D2,12.0,0.40454199999999996,3.170985e-06
D2,13.0,0.40454199999999996,3.158735e-06
D2,14.0,0.40454199999999996,3.1517349999999997e-06
D2,15.0,0.40454199999999996,3.144736e-06
D2,16.0,0.40454199999999996,3.1359859999999997e-06
D2,17.0,0.409377,3.127236e-06
D2,18.0,0.40454199999999996,3.118486e-06
D2,19.0,0.409377,3.107985e-06
D2,20.0,0.409377,3.1079859999999998e-06
D3,1.0,0.380366,3.2969849999999997e-06
D3,2.0,0.38520099999999996,3.373985e-06
D3,3.0,0.380366,3.380985e-06
D3,4.0,0.38520099999999996,3.377484e-06
D3,5.0,0.38520099999999996,3.366985e-06
D3,6.0,0.390036,3.354734e-06
D3,7.0,0.390036,3.347735e-06
D3,8.0,0.390036,3.337234e-06
D3,9.0,0.39487099999999997,3.331985e-06
D3,10.0,0.39487099999999997,3.324984e-06
D3,11.0,0.39487099999999997,3.174485e-06
D3,12.0,0.39487099999999997,3.163985e-06
D3,13.0,0.399706,3.156985e-06
D3,14.0,0.399706,3.151736e-06
D3,15.0,0.399706,3.146485e-06
D3,16.0,0.399706,3.137735e-06
D3,17.0,0.399706,3.132486e-06
D3,18.0,0.399706,3.128986e-06
D3,19.0,0.40454199999999996,3.123736e-06
D3,20.0,0.40454199999999996,3.116735e-06
D4,1.0,0.361025,3.303985e-06
D4,2.0,0.36585999999999996,3.394984e-06
D4,3.0,0.36585999999999996,3.408984e-06
D4,4.0,0.370695,3.405484e-06
D4,5.0,0.370695,3.394984e-06
D4,6.0,0.375531,3.384484e-06
D4,7.0,0.375531,3.380985e-06
D4,8.0,0.380366,3.366984e-06
D4,9.0,0.380366,3.356484e-06
D4,10.0,0.380366,3.349485e-06
D4,11.0,0.380366,3.195485e-06
D4,12.0,0.38520099999999996,3.184985e-06
D4,13.0,0.38520099999999996,3.176235e-06
D4,14.0,0.38520099999999996,3.167485e-06
D4,15.0,0.38520099999999996,3.158735e-06
D4,16.0,0.38520099999999996,3.1517349999999997e-06
D4,17.0,0.38520099999999996,3.146485e-06
D4,18.0,0.390036,3.137735e-06
D4,19.0,0.390036,3.132485e-06
D4,20.0,0.390036,3.127235e-06
D5,1.0,0.390036,3.310985e-06
D5,2.0,0.39487099999999997,3.4019839999999998e-06
D5,3.0,0.39487099999999997,3.410734e-06
D5,4.0,0.39487099999999997,3.4002339999999997e-06
D5,5.0,0.399706,3.393234e-06
D5,6.0,0.399706,3.387984e-06
D5,7.0,0.399706,3.3739839999999998e-06
D5,8.0,0.399706,3.366984e-06
D5,9.0,0.40454199999999996,3.358234e-06
D5,10.0,0.40454199999999996,3.354734e-06
D5,11.0,0.40454199999999996,3.207735e-06
D5,12.0,0.40454199999999996,3.193735e-06
D5,13.0,0.40454199999999996,3.184985e-06
D5,14.0,0.409377,3.1832349999999998e-06
D5,15.0,0.409377,3.177985e-06
D5,16.0,0.409377,3.169235e-06
D5,17.0,0.409377,3.165735e-06
D5,18.0,0.409377,3.158736e-06
D5,19.0,0.409377,3.1552349999999998e-06
D5,20.0,0.409377,3.1517349999999997e-06
D6,1.0,0.390036,3.247985e-06
D6,2.0,0.390036,3.342485e-06
D6,3.0,0.390036,3.344235e-06
D6,4.0,0.39487099999999997,3.338985e-06
D6,5.0,0.39487099999999997,3.331985e-06
D6,6.0,0.399706,3.321485e-06
D6,7.0,0.399706,3.314485e-06
D6,8.0,0.399706,3.305735e-06
D6,9.0,0.399706,3.295235e-06
D6,10.0,0.40454199999999996,3.288235e-06
D6,11.0,0.40454199999999996,3.144735e-06
D6,12.0,0.40454199999999996,3.134236e-06
D6,13.0,0.40454199999999996,3.123736e-06
D6,14.0,0.40454199999999996,3.114986e-06
D6,15.0,0.409377,3.111486e-06
D6,16.0,0.409377,3.1062359999999997e-06
D6,17.0,0.409377,3.102736e-06
D6,18.0,0.409377,3.092236e-06
D6,19.0,0.409377,3.093986e-06
D6,20.0,0.409377,3.083486e-06
D7,1.0,0.370695,3.289985e-06
D7,2.0,0.380366,3.3844849999999997e-06
D7,3.0,0.375531,3.394984e-06
D7,4.0,0.380366,3.387984e-06
D7,5.0,0.380366,3.366984e-06
D7,6.0,0.38520099999999996,3.359985e-06
D7,7.0,0.38520099999999996,3.345984e-06
D7,8.0,0.390036,3.3284849999999998e-06
D7,9.0,0.390036,3.319735e-06
D7,10.0,0.390036,3.310985e-06
D7,11.0,0.390036,3.156985e-06
D7,12.0,0.39487099999999997,3.142986e-06
D7,13.0,0.39487099999999997,3.130736e-06
D7,14.0,0.39487099999999997,3.1254849999999998e-06
D7,15.0,0.39487099999999997,3.116735e-06
D7,16.0,0.399706,3.104486e-06
D7,17.0,0.399706,3.100986e-06
D7,18.0,0.399706,3.090486e-06
D7,19.0,0.399706,3.085236e-06
D7,20.0,0.399706,3.0799859999999998e-06
D8,1.0,0.375531,3.2094849999999997e-06
D8,2.0,0.380366,3.293485e-06
D8,3.0,0.375531,3.303985e-06
D8,4.0,0.380366,3.2969849999999997e-06
D8,5.0,0.380366,3.275985e-06
D8,6.0,0.38520099999999996,3.265485e-06
D8,7.0,0.38520099999999996,3.249735e-06
D8,8.0,0.390036,3.2409849999999998e-06
D8,9.0,0.390036,3.223485e-06
D8,10.0,0.39487099999999997,3.2129849999999998e-06
D8,11.0,0.39487099999999997,3.065986e-06
D8,12.0,0.399706,3.0519859999999998e-06
D8,13.0,0.399706,3.037986e-06
D8,14.0,0.399706,3.032736e-06
D8,15.0,0.399706,3.0222359999999998e-06
D8,16.0,0.40454199999999996,3.011736e-06
D8,17.0,0.40454199999999996,3.006486e-06
D8,18.0,0.40454199999999996,2.997736e-06
D8,19.0,0.40454199999999996,2.985486e-06
D8,20.0,0.409377,2.978486e-06
D9,1.0,0.399706,3.345985e-06
D9,2.0,0.399706,3.415984e-06
D9,3.0,0.399706,3.407234e-06
D9,4.0,0.399706,3.394984e-06
D9,5.0,0.399706,3.380984e-06
D9,6.0,0.40454199999999996,3.368734e-06
D9,7.0,0.40454199999999996,3.3564849999999998e-06
D9,8.0,0.40454199999999996,3.351234e-06
D9,9.0,0.40454199999999996,3.342485e-06
D9,10.0,0.409377,3.333735e-06
D9,11.0,0.409377,3.188485e-06
D9,12.0,0.409377,3.172736e-06
D9,13.0,0.41421199999999997,3.1639859999999997e-06
D9,14.0,0.409377,3.156985e-06
D9,15.0,0.41421199999999997,3.148235e-06
D9,16.0,0.41421199999999997,3.139486e-06
D9,17.0,0.41421199999999997,3.132485e-06
D9,18.0,0.41421199999999997,3.127236e-06
D9,19.0,0.41421199999999997,3.120235e-06
D9,20.0,0.41421199999999997,3.114986e-06
E1,2.0,0.409377,3.727483e-06
E1,3.0,0.409377,3.944482e-06
E1,4.0,0.409377,3.958482e-06
E1,5.0,0.409377,3.937482e-06
E1,6.0,0.409377,3.911232e-06
E1,7.0,0.409377,3.888482e-06
E1,8.0,0.409377,3.867482e-06
E1,9.0,0.409377,3.846482e-06
E1,10.0,0.409377,3.8237319999999995e-06
E1,11.0,0.409377,3.548984e-06
E1,12.0,0.409377,3.531484e-06
E1,13.0,0.41421199999999997,3.5192339999999998e-06
E1,14.0,0.409377,3.501734e-06
E1,15.0,0.41421199999999997,3.4859839999999997e-06
E1,16.0,0.41421199999999997,3.477234e-06
E1,17.0,0.41421199999999997,3.463234e-06
E1,18.0,0.41421199999999997,3.449234e-06
E1,19.0,0.41421199999999997,3.436984e-06
E1,20.0,0.41421199999999997,3.424734e-06
E10,1.0,0.399706,3.398484e-06
E10,2.0,0.399706,3.477234e-06
E10,3.0,0.399706,3.475484e-06
E10,4.0,0.40454199999999996,3.466734e-06
E10,5.0,0.40454199999999996,3.4597339999999998e-06
E10,6.0,0.40454199999999996,3.452734e-06
E10,7.0,0.40454199999999996,3.443984e-06
E10,8.0,0.40454199999999996,3.433484e-06
E10,9.0,0.40454199999999996,3.421234e-06
E10,10.0,0.40454199999999996,3.415984e-06
E10,11.0,0.409377,3.226985e-06
E10,12.0,0.409377,3.2129849999999998e-06
E10,13.0,0.409377,3.207735e-06
E10,14.0,0.409377,3.200735e-06
E10,15.0,0.409377,3.197236e-06
E10,16.0,0.409377,3.188485e-06
E10,17.0,0.41421199999999997,3.181486e-06
E10,18.0,0.41421199999999997,3.176235e-06
E10,19.0,0.409377,3.169235e-06
E10,20.0,0.41421199999999997,3.167485e-06
E11,1.0,0.254652,1.735992e-06
E11,2.0,0.254652,6.15997e-07
E11,3.0,0.25948699999999997,5.59997e-07
E11,4.0,0.25948699999999997,5.59997e-07
E11,5.0,0.25948699999999997,5.59997e-07
E11,6.0,0.25948699999999997,5.59997e-07
E11,7.0,0.25948699999999997,5.59997e-07
E11,8.0,0.25948699999999997,5.59997e-07
E11,9.0,0.254652,5.59997e-07
E11,10.0,0.254652,5.59997e-07
E11,11.0,0.25948699999999997,5.59997e-07
E11,12.0,0.25948699999999997,5.59997e-07
E11,13.0,0.264322,5.31997e-07
E11,14.0,0.254652,5.59997e-07
E11,15.0,0.25948699999999997,5.59997e-07
E11,16.0,0.264322,5.31997e-07
E11,17.0,0.264322,5.31997e-07
E11,18.0,0.264322,5.31997e-07
E11,19.0,0.264322,5.31997e-07
E11,20.0,0.264322,5.31997e-07
E12,1.0,0.254652,1.9039909999999999e-06
E12,2.0,0.254652,6.71997e-07
E12,3.0,0.254652,5.59997e-07
E12,4.0,0.254652,6.15997e-07
E12,5.0,0.254652,5.59997e-07
E12,6.0,0.254652,5.59997e-07
E12,7.0,0.254652,5.59997e-07
E12,8.0,0.254652,5.59997e-07
E12,9.0,0.254652,5.59997e-07
E12,10.0,0.254652,5.59997e-07
E12,11.0,0.254652,5.59997e-07
E12,12.0,0.254652,5.59997e-07
E12,13.0,0.254652,5.59997e-07
E12,14.0,0.25948699999999997,5.03997e-07
E12,15.0,0.25948699999999997,5.03997e-07
E12,16.0,0.25948699999999997,5.03997e-07
E12,17.0,0.254652,5.03997e-07
E12,18.0,0.254652,5.03997e-07
E12,19.0,0.25948699999999997,5.03997e-07
E12,20.0,0.254652,5.03997e-07
E2,1.0,0.35619,3.310985e-06
E2,2.0,0.35619,3.387984e-06
E2,3.0,0.361025,3.405484e-06
E2,4.0,0.36585999999999996,3.4019839999999998e-06
E2,5.0,0.36585999999999996,3.3844849999999997e-06
E2,6.0,0.370695,3.377484e-06
E2,7.0,0.370695,3.363485e-06
E2,8.0,0.370695,3.349485e-06
E2,9.0,0.375531,3.338985e-06
E2,10.0,0.375531,3.3249849999999997e-06
E2,11.0,0.380366,3.125486e-06
E2,12.0,0.380366,3.1079859999999998e-06
E2,13.0,0.380366,3.100986e-06
E2,14.0,0.380366,3.086986e-06
E2,15.0,0.38520099999999996,3.0782359999999997e-06
E2,16.0,0.38520099999999996,3.071236e-06
E2,17.0,0.38520099999999996,3.062486e-06
E2,18.0,0.390036,3.0519859999999998e-06
E2,19.0,0.390036,3.044986e-06
E2,20.0,0.390036,3.037986e-06
E3,1.0,0.390036,3.3249849999999997e-06
E3,2.0,0.390036,3.398485e-06
E3,3.0,0.390036,3.398484e-06
E3,4.0,0.390036,3.393234e-06
E3,5.0,0.39487099999999997,3.382734e-06
E3,6.0,0.39487099999999997,3.3739839999999998e-06
E3,7.0,0.39487099999999997,3.365235e-06
E3,8.0,0.39487099999999997,3.358235e-06
E3,9.0,0.399706,3.349485e-06
E3,10.0,0.399706,3.340734e-06
E3,11.0,0.399706,3.158735e-06
E3,12.0,0.399706,3.146485e-06
E3,13.0,0.40454199999999996,3.141235e-06
E3,14.0,0.40454199999999996,3.137735e-06
E3,15.0,0.40454199999999996,3.130736e-06
E3,16.0,0.40454199999999996,3.1237349999999997e-06
E3,17.0,0.40454199999999996,3.116735e-06
E3,18.0,0.40454199999999996,3.111486e-06
E3,19.0,0.40454199999999996,3.1062359999999997e-06
E3,20.0,0.409377,3.100986e-06
E4,1.0,0.390036,3.300485e-06
E4,2.0,0.39487099999999997,3.398485e-06
E4,3.0,0.399706,3.4002339999999997e-06
E4,4.0,0.399706,3.387984e-06
E4,5.0,0.399706,3.380985e-06
E4,6.0,0.40454199999999996,3.370485e-06
E4,7.0,0.399706,3.361734e-06
E4,8.0,0.40454199999999996,3.354734e-06
E4,9.0,0.40454199999999996,3.349484e-06
E4,10.0,0.40454199999999996,3.337234e-06
E4,11.0,0.409377,3.188485e-06
E4,12.0,0.409377,3.174485e-06
E4,13.0,0.409377,3.1657359999999998e-06
E4,14.0,0.409377,3.158735e-06
E4,15.0,0.409377,3.1552349999999998e-06
E4,16.0,0.409377,3.1517349999999997e-06
E4,17.0,0.409377,3.142986e-06
E4,18.0,0.41421199999999997,3.1359859999999997e-06
E4,19.0,0.409377,3.130736e-06
E4,20.0,0.41421199999999997,3.130736e-06
E5,1.0,0.390036,3.314485e-06
E5,2.0,0.39487099999999997,3.393235e-06
E5,3.0,0.399706,3.387984e-06
E5,4.0,0.399706,3.379234e-06
E5,5.0,0.399706,3.366985e-06
E5,6.0,0.40454199999999996,3.352985e-06
E5,7.0,0.40454199999999996,3.349485e-06
E5,8.0,0.40454199999999996,3.337235e-06
E5,9.0,0.40454199999999996,3.3284849999999998e-06
E5,10.0,0.409377,3.319735e-06
E5,11.0,0.409377,3.114986e-06
E5,12.0,0.409377,3.104486e-06
E5,13.0,0.409377,3.099236e-06
E5,14.0,0.409377,3.088736e-06
E5,15.0,0.409377,3.083486e-06
E5,16.0,0.409377,3.072986e-06
E5,17.0,0.41421199999999997,3.067736e-06
E5,18.0,0.409377,3.060736e-06
E5,19.0,0.41421199999999997,3.057236e-06
E5,20.0,0.41421199999999997,3.0502359999999998e-06
E6,1.0,0.375531,3.230485e-06
E6,2.0,0.375531,3.359984e-06
E6,3.0,0.375531,3.377485e-06
E6,4.0,0.380366,3.366984e-06
E6,5.0,0.380366,3.3564849999999998e-06
E6,6.0,0.380366,3.342485e-06
E6,7.0,0.38520099999999996,3.335484e-06
E6,8.0,0.38520099999999996,3.321485e-06
E6,9.0,0.38520099999999996,3.310985e-06
E6,10.0,0.390036,3.303985e-06
E6,11.0,0.390036,3.139485e-06
E6,12.0,0.390036,3.1254849999999998e-06
E6,13.0,0.39487099999999997,3.116735e-06
E6,14.0,0.39487099999999997,3.1062359999999997e-06
E6,15.0,0.39487099999999997,3.100986e-06
E6,16.0,0.399706,3.093986e-06
E6,17.0,0.399706,3.092236e-06
E6,18.0,0.399706,3.0799859999999998e-06
E6,19.0,0.399706,3.076486e-06
E6,20.0,0.399706,3.067736e-06
E7,1.0,0.375531,3.2689849999999998e-06
E7,2.0,0.380366,3.387984e-06
E7,3.0,0.380366,3.387984e-06
E7,4.0,0.38520099999999996,3.379234e-06
E7,5.0,0.38520099999999996,3.368734e-06
E7,6.0,0.390036,3.3564849999999998e-06
E7,7.0,0.390036,3.345985e-06
E7,8.0,0.390036,3.333734e-06
E7,9.0,0.39487099999999997,3.3267349999999998e-06
E7,10.0,0.39487099999999997,3.316235e-06
E7,11.0,0.399706,3.158736e-06
E7,12.0,0.399706,3.146485e-06
E7,13.0,0.399706,3.139485e-06
E7,14.0,0.40454199999999996,3.128985e-06
E7,15.0,0.399706,3.123736e-06
E7,16.0,0.40454199999999996,3.116736e-06
E7,17.0,0.40454199999999996,3.113235e-06
E7,18.0,0.40454199999999996,3.1062359999999997e-06
E7,19.0,0.40454199999999996,3.099236e-06
E7,20.0,0.40454199999999996,3.092236e-06
E8,1.0,0.380366,3.002986e-06
E8,2.0,0.38520099999999996,3.104486e-06
E8,3.0,0.38520099999999996,3.102736e-06
E8,4.0,0.38520099999999996,3.410734e-06
E8,5.0,0.38520099999999996,3.387984e-06
E8,6.0,0.390036,3.372235e-06
E8,7.0,0.390036,3.363485e-06
E8,8.0,0.390036,3.349485e-06
E8,9.0,0.390036,3.338985e-06
E8,10.0,0.39487099999999997,3.330235e-06
E8,11.0,0.39487099999999997,3.177985e-06
E8,12.0,0.399706,3.163985e-06
E8,13.0,0.399706,3.151736e-06
E8,14.0,0.399706,3.148236e-06
E8,15.0,0.399706,3.141235e-06
E8,16.0,0.399706,3.134235e-06
E8,17.0,0.399706,3.127235e-06
E8,18.0,0.40454199999999996,3.123736e-06
E8,19.0,0.40454199999999996,3.120236e-06
E8,20.0,0.40454199999999996,3.113235e-06
E9,1.0,0.40454199999999996,3.415984e-06
E9,2.0,0.40454199999999996,3.470234e-06
E9,3.0,0.40454199999999996,3.456234e-06
E9,4.0,0.409377,3.438734e-06
E9,5.0,0.409377,3.4299839999999998e-06
E9,6.0,0.409377,3.419484e-06
E9,7.0,0.409377,3.405485e-06
E9,8.0,0.409377,3.398484e-06
E9,9.0,0.41421199999999997,3.3844849999999997e-06
E9,10.0,0.41421199999999997,3.377485e-06
E9,11.0,0.41421199999999997,3.246235e-06
E9,12.0,0.41421199999999997,3.228735e-06
E9,13.0,0.41421199999999997,3.221735e-06
E9,14.0,0.41421199999999997,3.214736e-06
E9,15.0,0.41421199999999997,3.205985e-06
E9,16.0,0.419047,3.200735e-06
E9,17.0,0.419047,3.195485e-06
E9,18.0,0.419047,3.188485e-06
E9,19.0,0.419047,3.1832349999999998e-06
E9,20.0,0.419047,3.177986e-06
F1,2.0,0.41421199999999997,3.884982e-06
F1,3.0,0.409377,4.0424809999999995e-06
F1,4.0,0.41421199999999997,4.031981e-06
F1,5.0,0.41421199999999997,4.003982e-06
F1,6.0,0.41421199999999997,3.981232e-06
F1,7.0,0.41421199999999997,3.953231e-06
F1,8.0,0.41421199999999997,3.930482e-06
F1,9.0,0.41421199999999997,3.904232e-06
F1,10.0,0.41421199999999997,3.8832319999999996e-06
F1,11.0,0.41421199999999997,3.655733e-06
F1,12.0,0.41421199999999997,3.638233e-06
F1,13.0,0.41421199999999997,3.6189829999999997e-06
F1,14.0,0.41421199999999997,3.603233e-06
F1,15.0,0.41421199999999997,3.5892329999999997e-06
F1,16.0,0.41421199999999997,3.5769839999999998e-06
F1,17.0,0.41421199999999997,3.562984e-06
F1,18.0,0.41421199999999997,3.5454839999999997e-06
F1,19.0,0.41421199999999997,3.534984e-06
F1,20.0,0.41421199999999997,3.522734e-06
F10,1.0,0.40454199999999996,3.3564849999999998e-06
F10,2.0,0.399706,3.463234e-06
F10,3.0,0.40454199999999996,3.464984e-06
F10,4.0,0.40454199999999996,3.456234e-06
F10,5.0,0.40454199999999996,3.450984e-06
F10,6.0,0.40454199999999996,3.436984e-06
F10,7.0,0.40454199999999996,3.426484e-06
F10,8.0,0.40454199999999996,3.421234e-06
F10,9.0,0.409377,3.412484e-06
F10,10.0,0.409377,3.407234e-06
F10,11.0,0.409377,3.249735e-06
F10,12.0,0.409377,3.242735e-06
F10,13.0,0.409377,3.232235e-06
F10,14.0,0.409377,3.225235e-06
F10,15.0,0.409377,3.219985e-06
F10,16.0,0.41421199999999997,3.2112349999999998e-06
F10,17.0,0.409377,3.207735e-06
F10,18.0,0.41421199999999997,3.204235e-06
F10,19.0,0.41421199999999997,3.197235e-06
F10,20.0,0.41421199999999997,3.191985e-06
F11,1.0,0.254652,2.18399e-06
F11,2.0,0.254652,6.15997e-07
F11,3.0,0.25948699999999997,5.59997e-07
F11,4.0,0.254652,6.15997e-07
F11,5.0,0.25948699999999997,5.59997e-07
F11,6.0,0.25948699999999997,5.59997e-07
F11,7.0,0.25948699999999997,5.59997e-07
F11,8.0,0.254652,5.59997e-07
F11,9.0,0.25948699999999997,5.59997e-07
F11,10.0,0.25948699999999997,5.59997e-07
F11,11.0,0.25948699999999997,5.59997e-07
F11,12.0,0.25948699999999997,5.59997e-07
F11,13.0,0.25948699999999997,5.59997e-07
F11,14.0,0.254652,5.59997e-07
F11,15.0,0.264322,5.31997e-07
F11,16.0,0.264322,5.31997e-07
F11,17.0,0.264322,5.31997e-07
F11,18.0,0.264322,5.31997e-07
F11,19.0,0.254652,5.59997e-07
F11,20.0,0.264322,5.31997e-07
F12,1.0,0.254652,1.959991e-06
F12,2.0,0.254652,6.15997e-07
F12,3.0,0.25948699999999997,5.59997e-07
F12,4.0,0.264322,5.31997e-07
F12,5.0,0.254652,5.59997e-07
F12,6.0,0.254652,5.59997e-07
F12,7.0,0.25948699999999997,5.59997e-07
F12,8.0,0.264322,5.31997e-07
F12,9.0,0.264322,5.31997e-07
F12,10.0,0.264322,5.31997e-07
F12,11.0,0.264322,5.31997e-07
F12,12.0,0.264322,5.31997e-07
F12,13.0,0.25948699999999997,5.03997e-07
F12,14.0,0.264322,5.31997e-07
F12,15.0,0.254652,5.03997e-07
F12,16.0,0.25948699999999997,5.03997e-07
F12,17.0,0.254652,5.03997e-07
F12,18.0,0.25948699999999997,5.03997e-07
F12,19.0,0.254652,5.03997e-07
F12,20.0,0.25948699999999997,5.03997e-07
F2,1.0,0.390036,3.314485e-06
F2,2.0,0.390036,3.412484e-06
F2,3.0,0.390036,3.419484e-06
F2,4.0,0.39487099999999997,3.408984e-06
F2,5.0,0.39487099999999997,3.4019839999999998e-06
F2,6.0,0.39487099999999997,3.3844849999999997e-06
F2,7.0,0.399706,3.375734e-06
F2,8.0,0.399706,3.363484e-06
F2,9.0,0.399706,3.358235e-06
F2,10.0,0.40454199999999996,3.345985e-06
F2,11.0,0.40454199999999996,3.195485e-06
F2,12.0,0.40454199999999996,3.184985e-06
F2,13.0,0.40454199999999996,3.176236e-06
F2,14.0,0.40454199999999996,3.165735e-06
F2,15.0,0.40454199999999996,3.158736e-06
F2,16.0,0.40454199999999996,3.1517349999999997e-06
F2,17.0,0.409377,3.146485e-06
F2,18.0,0.409377,3.139486e-06
F2,19.0,0.409377,3.134235e-06
F2,20.0,0.409377,3.125486e-06
F3,1.0,0.390036,3.317985e-06
F3,2.0,0.390036,3.377484e-06
F3,3.0,0.39487099999999997,3.375735e-06
F3,4.0,0.39487099999999997,3.368735e-06
F3,5.0,0.399706,3.361734e-06
F3,6.0,0.399706,3.351235e-06
F3,7.0,0.399706,3.340735e-06
F3,8.0,0.399706,3.333735e-06
F3,9.0,0.40454199999999996,3.3267349999999998e-06
F3,10.0,0.40454199999999996,3.3249849999999997e-06
F3,11.0,0.40454199999999996,3.177985e-06
F3,12.0,0.40454199999999996,3.162235e-06
F3,13.0,0.40454199999999996,3.1534849999999998e-06
F3,14.0,0.40454199999999996,3.149985e-06
F3,15.0,0.409377,3.141236e-06
F3,16.0,0.409377,3.142985e-06
F3,17.0,0.409377,3.132485e-06
F3,18.0,0.409377,3.1254849999999998e-06
F3,19.0,0.409377,3.123736e-06
F3,20.0,0.409377,3.114985e-06
F4,1.0,0.399706,3.310985e-06
F4,2.0,0.40454199999999996,3.375734e-06
F4,3.0,0.40454199999999996,3.375734e-06
F4,4.0,0.40454199999999996,3.365235e-06
F4,5.0,0.40454199999999996,3.352985e-06
F4,6.0,0.40454199999999996,3.344235e-06
F4,7.0,0.409377,3.337235e-06
F4,8.0,0.409377,3.3267349999999998e-06
F4,9.0,0.409377,3.319735e-06
F4,10.0,0.409377,3.310985e-06
F4,11.0,0.41421199999999997,3.165735e-06
F4,12.0,0.41421199999999997,3.153486e-06
F4,13.0,0.41421199999999997,3.146486e-06
F4,14.0,0.41421199999999997,3.141235e-06
F4,15.0,0.41421199999999997,3.134236e-06
F4,16.0,0.41421199999999997,3.127236e-06
F4,17.0,0.41421199999999997,3.123736e-06
F4,18.0,0.41421199999999997,3.116736e-06
F4,19.0,0.419047,3.111485e-06
F4,20.0,0.41421199999999997,3.1062359999999997e-06
F5,1.0,0.40454199999999996,3.293485e-06
F5,2.0,0.40454199999999996,3.3704839999999997e-06
F5,3.0,0.40454199999999996,3.365235e-06
F5,4.0,0.40454199999999996,3.352985e-06
F5,5.0,0.409377,3.3442339999999998e-06
F5,6.0,0.409377,3.337235e-06
F5,7.0,0.409377,3.3267349999999998e-06
F5,8.0,0.409377,3.321485e-06
F5,9.0,0.409377,3.312735e-06
F5,10.0,0.409377,3.303985e-06
F5,11.0,0.41421199999999997,3.162235e-06
F5,12.0,0.41421199999999997,3.148236e-06
F5,13.0,0.41421199999999997,3.141236e-06
F5,14.0,0.41421199999999997,3.137735e-06
F5,15.0,0.41421199999999997,3.128986e-06
F5,16.0,0.41421199999999997,3.127236e-06
F5,17.0,0.41421199999999997,3.121986e-06
F5,18.0,0.41421199999999997,3.114986e-06
F5,19.0,0.41421199999999997,3.1097359999999998e-06
F5,20.0,0.419047,3.102736e-06
F6,1.0,0.36585999999999996,3.226985e-06
F6,2.0,0.370695,3.331985e-06
F6,3.0,0.375531,3.342485e-06
F6,4.0,0.375531,3.328484e-06
F6,5.0,0.380366,3.321485e-06
F6,6.0,0.380366,3.310985e-06
F6,7.0,0.380366,3.300485e-06
F6,8.0,0.380366,3.286485e-06
F6,9.0,0.38520099999999996,3.277735e-06
F6,10.0,0.38520099999999996,3.2707349999999998e-06
F6,11.0,0.38520099999999996,3.121986e-06
F6,12.0,0.390036,3.114986e-06
F6,13.0,0.390036,3.100986e-06
F6,14.0,0.39487099999999997,3.095736e-06
F6,15.0,0.39487099999999997,3.086986e-06
F6,16.0,0.39487099999999997,3.081736e-06
F6,17.0,0.39487099999999997,3.076486e-06
F6,18.0,0.399706,3.067736e-06
F6,19.0,0.399706,3.064236e-06
F6,20.0,0.399706,3.062486e-06
F7,1.0,0.34652,0.00037503000000000005
F7,2.0,0.36585999999999996,0.00036573400000000005
F7,3.0,0.35619,0.000361534
F7,4.0,0.341684,0.000418654
F7,5.0,0.336849,0.000500077
F7,6.0,0.336849,0.000633413
F7,7.0,0.336849,0.000689357
F7,8.0,0.336849,0.0007668600000000001
F7,9.0,0.336849,0.0007491080000000001
F7,10.0,0.332014,0.000781532
F7,11.0,0.332014,0.0008818280000000001
F7,12.0,0.332014,0.0009084280000000001
F7,13.0,0.332014,0.000938275
F7,14.0,0.332014,0.000940739
F7,15.0,0.332014,0.0009537310000000001
F7,16.0,0.332014,0.000987779
F7,17.0,0.332014,0.000991195
F7,18.0,0.332014,0.001049435
F7,19.0,0.332014,0.0009452190000000001
F7,20.0,0.332014,0.0010405310000000001
F8,1.0,0.38520099999999996,3.261985e-06
F8,2.0,0.38520099999999996,3.352985e-06
F8,3.0,0.390036,3.352985e-06
F8,4.0,0.390036,3.342485e-06
F8,5.0,0.39487099999999997,3.3284849999999998e-06
F8,6.0,0.39487099999999997,3.321485e-06
F8,7.0,0.39487099999999997,3.309235e-06
F8,8.0,0.399706,3.300485e-06
F8,9.0,0.399706,3.295235e-06
F8,10.0,0.399706,3.284735e-06
F8,11.0,0.399706,3.144735e-06
F8,12.0,0.399706,3.132485e-06
F8,13.0,0.40454199999999996,3.127235e-06
F8,14.0,0.40454199999999996,3.120236e-06
F8,15.0,0.40454199999999996,3.113236e-06
F8,16.0,0.40454199999999996,3.107985e-06
F8,17.0,0.40454199999999996,3.099236e-06
F8,18.0,0.409377,3.095736e-06
F8,19.0,0.40454199999999996,3.090486e-06
F8,20.0,0.409377,3.085236e-06
F9,1.0,0.399706,3.314485e-06
F9,2.0,0.399706,3.442234e-06
F9,3.0,0.40454199999999996,3.443984e-06
F9,4.0,0.40454199999999996,3.436984e-06
F9,5.0,0.40454199999999996,3.4282339999999997e-06
F9,6.0,0.40454199999999996,3.419484e-06
F9,7.0,0.40454199999999996,3.407234e-06
F9,8.0,0.40454199999999996,3.398484e-06
F9,9.0,0.40454199999999996,3.391484e-06
F9,10.0,0.409377,3.3827349999999997e-06
F9,11.0,0.409377,3.235735e-06
F9,12.0,0.409377,3.223485e-06
F9,13.0,0.409377,3.216485e-06
F9,14.0,0.409377,3.2094849999999997e-06
F9,15.0,0.409377,3.198985e-06
F9,16.0,0.409377,3.195485e-06
F9,17.0,0.41421199999999997,3.190235e-06
F9,18.0,0.41421199999999997,3.183236e-06
F9,19.0,0.41421199999999997,3.179735e-06
F9,20.0,0.41421199999999997,3.170986e-06
G1,2.0,0.419047,3.818483e-06
G1,3.0,0.419047,4.010982e-06
G1,4.0,0.419047,4.007481e-06
G1,5.0,0.419047,3.986482e-06
G1,6.0,0.419047,3.954981e-06
G1,7.0,0.419047,3.932232e-06
G1,8.0,0.419047,3.907732e-06
G1,9.0,0.419047,3.884982e-06
G1,10.0,0.419047,3.862232e-06
G1,11.0,0.419047,3.639983e-06
G1,12.0,0.419047,3.6189829999999997e-06
G1,13.0,0.419047,3.597983e-06
G1,14.0,0.419047,3.582233e-06
G1,15.0,0.419047,3.571734e-06
G1,16.0,0.419047,3.554233e-06
G1,17.0,0.419047,3.538484e-06
G1,18.0,0.419047,3.527984e-06
G1,19.0,0.419047,3.5174839999999998e-06
G1,20.0,0.419047,3.503484e-06
G10,1.0,0.351355,3.359984e-06
G10,2.0,0.35619,3.503484e-06
G10,3.0,0.361025,3.510484e-06
G10,4.0,0.361025,3.492984e-06
G10,5.0,0.36585999999999996,3.482484e-06
G10,6.0,0.36585999999999996,3.468484e-06
G10,7.0,0.370695,3.461484e-06
G10,8.0,0.370695,3.440484e-06
G10,9.0,0.375531,3.4299839999999998e-06
G10,10.0,0.375531,3.415984e-06
G10,11.0,0.375531,3.261985e-06
G10,12.0,0.380366,3.244485e-06
G10,13.0,0.380366,3.237485e-06
G10,14.0,0.380366,3.225235e-06
G10,15.0,0.38520099999999996,3.214735e-06
G10,16.0,0.38520099999999996,3.205986e-06
G10,17.0,0.38520099999999996,3.193735e-06
G10,18.0,0.38520099999999996,3.186735e-06
G10,19.0,0.38520099999999996,3.177986e-06
G10,20.0,0.38520099999999996,3.169235e-06
G11,1.0,0.254652,1.679992e-06
G11,2.0,0.254652,6.15997e-07
G11,3.0,0.25948699999999997,5.59997e-07
G11,4.0,0.25948699999999997,5.59997e-07
G11,5.0,0.25948699999999997,5.59997e-07
G11,6.0,0.25948699999999997,5.59997e-07
G11,7.0,0.254652,5.59997e-07
G11,8.0,0.25948699999999997,5.59997e-07
G11,9.0,0.25948699999999997,5.59997e-07
G11,10.0,0.264322,5.31997e-07
G11,11.0,0.25948699999999997,5.59997e-07
G11,12.0,0.264322,5.31997e-07
G11,13.0,0.25948699999999997,5.59997e-07
G11,14.0,0.25948699999999997,5.59997e-07
G11,15.0,0.264322,5.31997e-07
G11,16.0,0.264322,5.31997e-07
G11,17.0,0.264322,5.31997e-07
G11,18.0,0.264322,5.31997e-07
G11,19.0,0.264322,5.59997e-07
G11,20.0,0.254652,5.59997e-07
G12,1.0,0.254652,2.18399e-06
G12,2.0,0.254652,6.15997e-07
G12,3.0,0.254652,5.59997e-07
G12,4.0,0.254652,5.59997e-07
G12,5.0,0.254652,5.59997e-07
G12,6.0,0.254652,5.59997e-07
G12,7.0,0.254652,5.59997e-07
G12,8.0,0.254652,5.59997e-07
G12,9.0,0.254652,5.59997e-07
G12,10.0,0.254652,5.59997e-07
G12,11.0,0.254652,5.03997e-07
G12,12.0,0.254652,5.03997e-07
G12,13.0,0.254652,5.03997e-07
G12,14.0,0.254652,5.03997e-07
G12,15.0,0.254652,5.03997e-07
G12,16.0,0.254652,5.03997e-07
G12,17.0,0.254652,5.03997e-07
G12,18.0,0.254652,5.03997e-07
G12,19.0,0.254652,5.03997e-07
G12,20.0,0.254652,5.03997e-07
G2,1.0,0.38520099999999996,3.3249849999999997e-06
G2,2.0,0.38520099999999996,3.422984e-06
G2,3.0,0.38520099999999996,3.426485e-06
G2,4.0,0.390036,3.417734e-06
G2,5.0,0.390036,3.405484e-06
G2,6.0,0.39487099999999997,3.389734e-06
G2,7.0,0.39487099999999997,3.377485e-06
G2,8.0,0.39487099999999997,3.363485e-06
G2,9.0,0.399706,3.354734e-06
G2,10.0,0.39487099999999997,3.340735e-06
G2,11.0,0.399706,3.197235e-06
G2,12.0,0.399706,3.1814849999999997e-06
G2,13.0,0.399706,3.170985e-06
G2,14.0,0.40454199999999996,3.162236e-06
G2,15.0,0.40454199999999996,3.156985e-06
G2,16.0,0.40454199999999996,3.1534849999999998e-06
G2,17.0,0.40454199999999996,3.144735e-06
G2,18.0,0.40454199999999996,3.1359859999999997e-06
G2,19.0,0.40454199999999996,3.128986e-06
G2,20.0,0.40454199999999996,3.121986e-06
G3,1.0,0.390036,3.363485e-06
G3,2.0,0.390036,3.394984e-06
G3,3.0,0.390036,3.387984e-06
G3,4.0,0.390036,3.377484e-06
G3,5.0,0.39487099999999997,3.363485e-06
G3,6.0,0.39487099999999997,3.352984e-06
G3,7.0,0.39487099999999997,3.347735e-06
G3,8.0,0.399706,3.337235e-06
G3,9.0,0.399706,3.331985e-06
G3,10.0,0.399706,3.321485e-06
G3,11.0,0.399706,3.176235e-06
G3,12.0,0.40454199999999996,3.1657359999999998e-06
G3,13.0,0.40454199999999996,3.156985e-06
G3,14.0,0.399706,3.1517349999999997e-06
G3,15.0,0.40454199999999996,3.144736e-06
G3,16.0,0.40454199999999996,3.142986e-06
G3,17.0,0.40454199999999996,3.134235e-06
G3,18.0,0.40454199999999996,3.132485e-06
G3,19.0,0.40454199999999996,3.127236e-06
G3,20.0,0.40454199999999996,3.118486e-06
G4,1.0,0.40454199999999996,3.293485e-06
G4,2.0,0.409377,3.358234e-06
G4,3.0,0.409377,3.352985e-06
G4,4.0,0.409377,3.345984e-06
G4,5.0,0.409377,3.338985e-06
G4,6.0,0.409377,3.3267349999999998e-06
G4,7.0,0.409377,3.316235e-06
G4,8.0,0.409377,3.310985e-06
G4,9.0,0.41421199999999997,3.303985e-06
G4,10.0,0.41421199999999997,3.2987349999999998e-06
G4,11.0,0.41421199999999997,3.156985e-06
G4,12.0,0.41421199999999997,3.144736e-06
G4,13.0,0.41421199999999997,3.134236e-06
G4,14.0,0.41421199999999997,3.127236e-06
G4,15.0,0.41421199999999997,3.1254849999999998e-06
G4,16.0,0.41421199999999997,3.118486e-06
G4,17.0,0.41421199999999997,3.113235e-06
G4,18.0,0.419047,3.1079859999999998e-06
G4,19.0,0.41421199999999997,3.104486e-06
G4,20.0,0.419047,3.100986e-06
G5,1.0,0.399706,3.237485e-06
G5,2.0,0.399706,3.314485e-06
G5,3.0,0.399706,3.305735e-06
G5,4.0,0.40454199999999996,3.2987349999999998e-06
G5,5.0,0.399706,3.288235e-06
G5,6.0,0.40454199999999996,3.281235e-06
G5,7.0,0.40454199999999996,3.272485e-06
G5,8.0,0.40454199999999996,3.265485e-06
G5,9.0,0.409377,3.261985e-06
G5,10.0,0.409377,3.256735e-06
G5,11.0,0.409377,3.116736e-06
G5,12.0,0.409377,3.104486e-06
G5,13.0,0.409377,3.100986e-06
G5,14.0,0.409377,3.093986e-06
G5,15.0,0.409377,3.085236e-06
G5,16.0,0.41421199999999997,3.0799859999999998e-06
G5,17.0,0.41421199999999997,3.0782359999999997e-06
G5,18.0,0.41421199999999997,3.072986e-06
G5,19.0,0.41421199999999997,3.069486e-06
G5,20.0,0.41421199999999997,3.062486e-06
G6,1.0,0.40454199999999996,3.2409849999999998e-06
G6,2.0,0.40454199999999996,3.303985e-06
G6,3.0,0.40454199999999996,3.295235e-06
G6,4.0,0.40454199999999996,3.286485e-06
G6,5.0,0.40454199999999996,3.274235e-06
G6,6.0,0.40454199999999996,3.265485e-06
G6,7.0,0.409377,3.258485e-06
G6,8.0,0.409377,3.251485e-06
G6,9.0,0.409377,3.242735e-06
G6,10.0,0.409377,3.2392349999999997e-06
G6,11.0,0.409377,3.097486e-06
G6,12.0,0.41421199999999997,3.086986e-06
G6,13.0,0.41421199999999997,3.0782359999999997e-06
G6,14.0,0.41421199999999997,3.072986e-06
G6,15.0,0.41421199999999997,3.065986e-06
G6,16.0,0.41421199999999997,3.064236e-06
G6,17.0,0.41421199999999997,3.058986e-06
G6,18.0,0.41421199999999997,3.0519859999999998e-06
G6,19.0,0.41421199999999997,3.044986e-06
G6,20.0,0.419047,3.039736e-06
G7,1.0,0.399706,3.303985e-06
G7,2.0,0.399706,3.345985e-06
G7,3.0,0.399706,3.342485e-06
G7,4.0,0.399706,3.331985e-06
G7,5.0,0.40454199999999996,3.321485e-06
G7,6.0,0.40454199999999996,3.316235e-06
G7,7.0,0.40454199999999996,3.307485e-06
G7,8.0,0.40454199999999996,3.2987349999999998e-06
G7,9.0,0.409377,3.293485e-06
G7,10.0,0.40454199999999996,3.284735e-06
G7,11.0,0.409377,3.146486e-06
G7,12.0,0.409377,3.135985e-06
G7,13.0,0.409377,3.128985e-06
G7,14.0,0.409377,3.121985e-06
G7,15.0,0.409377,3.118486e-06
G7,16.0,0.409377,3.116736e-06
G7,17.0,0.41421199999999997,3.109735e-06
G7,18.0,0.409377,3.104486e-06
G7,19.0,0.41421199999999997,3.100986e-06
G7,20.0,0.41421199999999997,3.095736e-06
G8,1.0,0.40454199999999996,3.407234e-06
G8,2.0,0.40454199999999996,3.435234e-06
G8,3.0,0.40454199999999996,3.422984e-06
G8,4.0,0.40454199999999996,3.410734e-06
G8,5.0,0.409377,3.405484e-06
G8,6.0,0.409377,3.398485e-06
G8,7.0,0.409377,3.389735e-06
G8,8.0,0.409377,3.382734e-06
G8,9.0,0.41421199999999997,3.366985e-06
G8,10.0,0.41421199999999997,3.366984e-06
G8,11.0,0.41421199999999997,3.219985e-06
G8,12.0,0.41421199999999997,3.2112349999999998e-06
G8,13.0,0.41421199999999997,3.202486e-06
G8,14.0,0.41421199999999997,3.198985e-06
G8,15.0,0.41421199999999997,3.193735e-06
G8,16.0,0.41421199999999997,3.191985e-06
G8,17.0,0.41421199999999997,3.186735e-06
G8,18.0,0.41421199999999997,3.179735e-06
G8,19.0,0.41421199999999997,3.174485e-06
G8,20.0,0.41421199999999997,3.170985e-06
G9,1.0,0.409377,3.359985e-06
G9,2.0,0.409377,3.473734e-06
G9,3.0,0.409377,3.461484e-06
G9,4.0,0.409377,3.445734e-06
G9,5.0,0.409377,3.4317339999999998e-06
G9,6.0,0.409377,3.415984e-06
G9,7.0,0.41421199999999997,3.4019839999999998e-06
G9,8.0,0.41421199999999997,3.389735e-06
G9,9.0,0.41421199999999997,3.379235e-06
G9,10.0,0.41421199999999997,3.366984e-06
G9,11.0,0.41421199999999997,3.218235e-06
G9,12.0,0.41421199999999997,3.204235e-06
G9,13.0,0.419047,3.193735e-06
G9,14.0,0.419047,3.184986e-06
G9,15.0,0.419047,3.174485e-06
G9,16.0,0.419047,3.169235e-06
G9,17.0,0.419047,3.160485e-06
G9,18.0,0.419047,3.149985e-06
G9,19.0,0.419047,3.142986e-06
G9,20.0,0.419047,3.132486e-06
H1,2.0,0.419047,3.9129819999999996e-06
H1,3.0,0.419047,4.103731e-06
H1,4.0,0.419047,4.089731e-06
H1,5.0,0.419047,4.0582319999999996e-06
H1,6.0,0.419047,4.028481e-06
H1,7.0,0.41421199999999997,4.002231e-06
H1,8.0,0.419047,3.977732e-06
H1,9.0,0.419047,3.947982e-06
H1,10.0,0.419047,3.928732e-06
H1,11.0,0.419047,3.701233e-06
H1,12.0,0.419047,3.6802329999999998e-06
H1,13.0,0.419047,3.662733e-06
H1,14.0,0.419047,3.645233e-06
H1,15.0,0.419047,3.632983e-06
H1,16.0,0.419047,3.613734e-06
H1,17.0,0.419047,3.6014839999999997e-06
H1,18.0,0.419047,3.589234e-06
H1,19.0,0.419047,3.5752339999999998e-06
H1,20.0,0.419047,3.564734e-06
H10,1.0,0.399706,3.272485e-06
H10,2.0,0.399706,3.405484e-06
H10,3.0,0.399706,3.407234e-06
H10,4.0,0.399706,3.407234e-06
H10,5.0,0.399706,3.4019839999999998e-06
H10,6.0,0.399706,3.389734e-06
H10,7.0,0.40454199999999996,3.382734e-06
H10,8.0,0.40454199999999996,3.377484e-06
H10,9.0,0.40454199999999996,3.3704839999999997e-06
H10,10.0,0.40454199999999996,3.365235e-06
H10,11.0,0.40454199999999996,3.216485e-06
H10,12.0,0.40454199999999996,3.2094849999999997e-06
H10,13.0,0.40454199999999996,3.200735e-06
H10,14.0,0.40454199999999996,3.195485e-06
H10,15.0,0.40454199999999996,3.188485e-06
H10,16.0,0.409377,3.184985e-06
H10,17.0,0.409377,3.1832349999999998e-06
H10,18.0,0.409377,3.179735e-06
H10,19.0,0.409377,3.170985e-06
H10,20.0,0.409377,3.165735e-06
H11,1.0,0.254652,1.8479909999999999e-06
H11,2.0,0.254652,6.15997e-07
H11,3.0,0.254652,6.15997e-07
H11,4.0,0.254652,6.15997e-07
H11,5.0,0.25948699999999997,5.59997e-07
H11,6.0,0.254652,5.59997e-07
H11,7.0,0.254652,5.59997e-07
H11,8.0,0.254652,5.59997e-07
H11,9.0,0.254652,5.59997e-07
H11,10.0,0.254652,5.59997e-07
H11,11.0,0.254652,5.59997e-07
H11,12.0,0.25948699999999997,5.59997e-07
H11,13.0,0.25948699999999997,5.59997e-07
H11,14.0,0.254652,5.59997e-07
H11,15.0,0.254652,5.59997e-07
H11,16.0,0.25948699999999997,5.59997e-07
H11,17.0,0.264322,5.31997e-07
H11,18.0,0.264322,5.31997e-07
H11,19.0,0.264322,5.31997e-07
H11,20.0,0.25948699999999997,5.03997e-07
H12,1.0,0.438388,8.63183e-07
H12,2.0,0.254652,7.27996e-07
H12,3.0,0.254652,7.27996e-07
H12,4.0,0.254652,6.71997e-07
H12,5.0,0.254652,6.71997e-07
H12,6.0,0.254652,6.71997e-07
H12,7.0,0.254652,6.15997e-07
H12,8.0,0.254652,6.15997e-07
H12,9.0,0.254652,6.15997e-07
H12,10.0,0.254652,6.15997e-07
H12,11.0,0.254652,5.59997e-07
H12,12.0,0.25948699999999997,5.59997e-07
H12,13.0,0.254652,6.15997e-07
H12,14.0,0.254652,6.15997e-07
H12,15.0,0.254652,6.15997e-07
H12,16.0,0.254652,6.15997e-07
H12,17.0,0.254652,5.59997e-07
H12,18.0,0.254652,6.15997e-07
H12,19.0,0.254652,5.59997e-07
H12,20.0,0.254652,5.59997e-07
H2,1.0,0.399706,3.300485e-06
H2,2.0,0.399706,3.473734e-06
H2,3.0,0.399706,3.477234e-06
H2,4.0,0.399706,3.466734e-06
H2,5.0,0.40454199999999996,3.449234e-06
H2,6.0,0.40454199999999996,3.438734e-06
H2,7.0,0.40454199999999996,3.424734e-06
H2,8.0,0.40454199999999996,3.417735e-06
H2,9.0,0.40454199999999996,3.403734e-06
H2,10.0,0.40454199999999996,3.393235e-06
H2,11.0,0.40454199999999996,3.2392349999999997e-06
H2,12.0,0.409377,3.225235e-06
H2,13.0,0.409377,3.214735e-06
H2,14.0,0.409377,3.207735e-06
H2,15.0,0.409377,3.198985e-06
H2,16.0,0.409377,3.191985e-06
H2,17.0,0.409377,3.1832349999999998e-06
H2,18.0,0.409377,3.1814849999999997e-06
H2,19.0,0.409377,3.172735e-06
H2,20.0,0.409377,3.165735e-06
H3,1.0,0.399706,3.303985e-06
H3,2.0,0.39487099999999997,3.403734e-06
H3,3.0,0.39487099999999997,3.403734e-06
H3,4.0,0.39487099999999997,3.398484e-06
H3,5.0,0.39487099999999997,3.387984e-06
H3,6.0,0.399706,3.382734e-06
H3,7.0,0.399706,3.368735e-06
H3,8.0,0.399706,3.368735e-06
H3,9.0,0.399706,3.356484e-06
H3,10.0,0.399706,3.349485e-06
H3,11.0,0.399706,3.202485e-06
H3,12.0,0.399706,3.186735e-06
H3,13.0,0.399706,3.184986e-06
H3,14.0,0.399706,3.174485e-06
H3,15.0,0.399706,3.172735e-06
H3,16.0,0.399706,3.163985e-06
H3,17.0,0.399706,3.156985e-06
H3,18.0,0.399706,3.153486e-06
H3,19.0,0.399706,3.146486e-06
H3,20.0,0.399706,3.142985e-06
H4,1.0,0.38520099999999996,3.223485e-06
H4,2.0,0.390036,3.3844849999999997e-06
H4,3.0,0.390036,3.391484e-06
H4,4.0,0.390036,3.384484e-06
H4,5.0,0.39487099999999997,3.379234e-06
H4,6.0,0.39487099999999997,3.370485e-06
H4,7.0,0.399706,3.363484e-06
H4,8.0,0.399706,3.358235e-06
H4,9.0,0.399706,3.351235e-06
H4,10.0,0.399706,3.3442339999999998e-06
H4,11.0,0.40454199999999996,3.1937359999999997e-06
H4,12.0,0.40454199999999996,3.184985e-06
H4,13.0,0.40454199999999996,3.1814849999999997e-06
H4,14.0,0.40454199999999996,3.174485e-06
H4,15.0,0.40454199999999996,3.167485e-06
H4,16.0,0.40454199999999996,3.162235e-06
H4,17.0,0.40454199999999996,3.156986e-06
H4,18.0,0.409377,3.1552349999999998e-06
H4,19.0,0.409377,3.148235e-06
H4,20.0,0.409377,3.146485e-06
H5,1.0,0.39487099999999997,3.2094849999999997e-06
H5,2.0,0.399706,3.331985e-06
H5,3.0,0.399706,3.330235e-06
H5,4.0,0.399706,3.321485e-06
H5,5.0,0.399706,3.310985e-06
H5,6.0,0.40454199999999996,3.305735e-06
H5,7.0,0.40454199999999996,3.2987349999999998e-06
H5,8.0,0.40454199999999996,3.289985e-06
H5,9.0,0.40454199999999996,3.286485e-06
H5,10.0,0.40454199999999996,3.277735e-06
H5,11.0,0.409377,3.137735e-06
H5,12.0,0.40454199999999996,3.1254849999999998e-06
H5,13.0,0.409377,3.121986e-06
H5,14.0,0.409377,3.114985e-06
H5,15.0,0.409377,3.1097359999999998e-06
H5,16.0,0.409377,3.1079859999999998e-06
H5,17.0,0.409377,3.104486e-06
H5,18.0,0.409377,3.097486e-06
H5,19.0,0.409377,3.092236e-06
H5,20.0,0.41421199999999997,3.088736e-06
H6,1.0,0.399706,3.265485e-06
H6,2.0,0.399706,3.391484e-06
H6,3.0,0.399706,3.393234e-06
H6,4.0,0.399706,3.3862349999999998e-06
H6,5.0,0.399706,3.375734e-06
H6,6.0,0.399706,3.366984e-06
H6,7.0,0.40454199999999996,3.365234e-06
H6,8.0,0.40454199999999996,3.3547349999999997e-06
H6,9.0,0.40454199999999996,3.347735e-06
H6,10.0,0.40454199999999996,3.347735e-06
H6,11.0,0.409377,3.195485e-06
H6,12.0,0.40454199999999996,3.186735e-06
H6,13.0,0.409377,3.179735e-06
H6,14.0,0.409377,3.174485e-06
H6,15.0,0.409377,3.172736e-06
H6,16.0,0.409377,3.170985e-06
H6,17.0,0.409377,3.162235e-06
H6,18.0,0.409377,3.162235e-06
H6,19.0,0.409377,3.1552349999999998e-06
H6,20.0,0.409377,3.148236e-06
H7,1.0,0.40454199999999996,3.314485e-06
H7,2.0,0.40454199999999996,3.389734e-06
H7,3.0,0.40454199999999996,3.386234e-06
H7,4.0,0.40454199999999996,3.377485e-06
H7,5.0,0.409377,3.368735e-06
H7,6.0,0.409377,3.363484e-06
H7,7.0,0.409377,3.352985e-06
H7,8.0,0.409377,3.347735e-06
H7,9.0,0.409377,3.345984e-06
H7,10.0,0.409377,3.333734e-06
H7,11.0,0.41421199999999997,3.190236e-06
H7,12.0,0.41421199999999997,3.179735e-06
H7,13.0,0.41421199999999997,3.172735e-06
H7,14.0,0.41421199999999997,3.167485e-06
H7,15.0,0.41421199999999997,3.163985e-06
H7,16.0,0.41421199999999997,3.158735e-06
H7,17.0,0.41421199999999997,3.1552349999999998e-06
H7,18.0,0.41421199999999997,3.149985e-06
H7,19.0,0.419047,3.146485e-06
H7,20.0,0.419047,3.142985e-06
H8,1.0,0.399706,3.3249849999999997e-06
H8,2.0,0.399706,3.419484e-06
H8,3.0,0.399706,3.414234e-06
H8,4.0,0.40454199999999996,3.408984e-06
H8,5.0,0.40454199999999996,3.396734e-06
H8,6.0,0.40454199999999996,3.391484e-06
H8,7.0,0.40454199999999996,3.386234e-06
H8,8.0,0.40454199999999996,3.379234e-06
H8,9.0,0.40454199999999996,3.3739839999999998e-06
H8,10.0,0.409377,3.368735e-06
H8,11.0,0.409377,3.221735e-06
H8,12.0,0.409377,3.207735e-06
H8,13.0,0.409377,3.207735e-06
H8,14.0,0.409377,3.200735e-06
H8,15.0,0.409377,3.197235e-06
H8,16.0,0.409377,3.191985e-06
H8,17.0,0.409377,3.188485e-06
H8,18.0,0.409377,3.1832349999999998e-06
H8,19.0,0.41421199999999997,3.176235e-06
H8,20.0,0.409377,3.172736e-06
H9,1.0,0.409377,3.317985e-06
H9,2.0,0.40454199999999996,3.435234e-06
H9,3.0,0.40454199999999996,3.4317339999999998e-06
H9,4.0,0.40454199999999996,3.422984e-06
H9,5.0,0.40454199999999996,3.414234e-06
H9,6.0,0.40454199999999996,3.405485e-06
H9,7.0,0.40454199999999996,3.4002339999999997e-06
H9,8.0,0.409377,3.393235e-06
H9,9.0,0.409377,3.391484e-06
H9,10.0,0.409377,3.3827349999999997e-06
H9,11.0,0.409377,3.233985e-06
H9,12.0,0.409377,3.221735e-06
H9,13.0,0.409377,3.218235e-06
H9,14.0,0.409377,3.214735e-06
H9,15.0,0.409377,3.2094849999999997e-06
H9,16.0,0.409377,3.200735e-06
H9,17.0,0.41421199999999997,3.197235e-06
H9,18.0,0.41421199999999997,3.191985e-06
H9,19.0,0.409377,3.186735e-06
H9,20.0,0.41421199999999997,3.184985e-06
